product_id,category,length,width,height,weight,price,is_fragile,requires_cold_storage,is_hazardous,shelf_life_days,stackable,max_stack
1,normal,0.3918280395373651,0.2050021510445334,0.15500586367382385,2.6205020124138163,76.28240927476112,False,False,False,,True,3
2,high_value,0.4222003234003028,0.30907330674967,0.21809850248980794,0.8019354550769442,921.628579377166,True,False,False,,False,1
3,cold_storage,0.2697982680172219,0.3204037458099961,0.2122490125877226,7.302186322762833,146.23849524624245,False,True,False,244.0,True,1
4,fragile,0.2347627138851561,0.15563814164613254,0.1869300320792934,3.81815609893586,121.84669236960056,True,False,False,,False,1
5,normal,0.3267843194460508,0.2555742683343284,0.14306275242151775,7.753194225561977,19.198924886786383,False,False,False,,True,2
6,normal,0.2290149130500392,0.369498873269492,0.2207452062733782,8.167718596106612,75.67586080244361,False,False,False,,True,3
7,normal,0.23744784885596282,0.384459074405632,0.11576003961569165,3.2851936733673828,66.5775819544999,False,False,False,,True,2
8,hazardous,0.3732056435770286,0.34091436724298474,0.10916487673113245,2.6650336186896952,108.13475017256893,False,False,True,,True,1
9,fragile,0.3565953163045441,0.2732967333510539,0.13801262250391663,2.321710481605334,425.3496919883376,True,False,False,,False,1
10,cold_storage,0.24879622914682545,0.2710541400455043,0.23403503487553867,7.1672929778562375,143.03857979660012,False,True,False,66.0,True,3
11,normal,0.3904934864591181,0.30682797540594164,0.14896218503028524,4.8914720125855995,34.29530441058502,False,False,False,,True,3
12,high_value,0.40644858752999397,0.2439230347940538,0.16485654688306436,7.798978987127535,751.7207639717777,True,False,False,,False,1
13,cold_storage,0.4465407782020425,0.3610091601542429,0.1802329574044658,1.1287917495096988,184.3645023533981,False,True,False,320.0,True,3
14,normal,0.2944033642395434,0.331087733058976,0.17912638021213284,9.188202102535163,51.296666732865894,False,False,False,,True,2
15,normal,0.2418890958576519,0.3489977964183213,0.20779545793345808,7.59663121069645,48.55904445651217,False,False,False,,True,3
16,normal,0.3198201515421192,0.24386415183145668,0.29950752129902203,5.340499789926413,18.18184709564145,False,False,False,,True,1
17,normal,0.45833087289999974,0.23056826386965223,0.13199640034449006,6.9645715282151075,63.67681276587764,False,False,False,,True,2
18,fragile,0.21448578595196105,0.2992242760480194,0.1529114345099137,4.858284050306729,437.35086600552415,True,False,False,,False,1
19,normal,0.2034443065828459,0.34414436387203895,0.23634207380531494,5.601218138883554,34.014267095728854,False,False,False,,True,3
20,normal,0.3020526419093136,0.25870002572948525,0.13163155086893394,0.5308305029664282,74.98828551789197,False,False,False,,True,3
21,fragile,0.17901671522532725,0.20011722261005965,0.11786518805301315,4.571876412789621,441.73335642654513,True,False,False,,False,1
22,normal,0.28953343743458987,0.32778989897320104,0.22179404228763444,1.9519730512215308,78.62597200676362,False,False,False,,True,3
23,normal,0.4860499242960508,0.384486816123655,0.28369869887914045,6.189973552372176,53.97451372260531,False,False,False,,True,1
24,normal,0.4787295848793851,0.37574437556463686,0.2663331058722359,3.4213841913252834,15.21326498447688,False,False,False,,True,3
25,normal,0.48408483358939824,0.21713069041357577,0.19719809266332275,1.1575189254496443,78.45419487315084,False,False,False,,True,1
26,cold_storage,0.23851743934992886,0.2950564756197463,0.20996071869898877,3.0180379749305617,177.03794739534635,False,True,False,246.0,True,1
27,normal,0.47867404790065304,0.35105303932716114,0.23797352641992428,7.273015241781658,45.909306999768624,False,False,False,,True,3
28,fragile,0.29496341729183606,0.1876200167829008,0.15175758410355908,0.6929205597545021,151.11380166420082,True,False,False,,False,1
29,fragile,0.2014256686442366,0.21766174369144664,0.12301147325965771,1.1790651838126416,81.94688870406463,True,False,False,,False,1
30,normal,0.3893308871810297,0.24578835676223088,0.28108400260122557,8.666536302410591,16.37716148997881,False,False,False,,True,1
31,fragile,0.1835431791893641,0.19708289983009813,0.15392339313947548,3.6444275728167574,447.07238381333195,True,False,False,,False,1
32,normal,0.37286349491626997,0.24859944847914492,0.19459458858891873,4.3670696341163975,18.4893216842694,False,False,False,,True,3
33,normal,0.32931535472191326,0.2847157246039842,0.193404933607335,7.426220569868581,70.60280925639714,False,False,False,,True,3
34,hazardous,0.22952536134558768,0.28052425642045375,0.16786052107899263,8.685889095351515,97.13721015847712,False,False,True,,True,1
35,high_value,0.3608857261731033,0.2280364594189549,0.13669760715744667,4.89496664980919,4435.18679331761,True,False,False,,False,1
36,cold_storage,0.2226154665122868,0.36160444894634053,0.27119337849367453,1.4301329179152034,137.38608091973396,False,True,False,306.0,True,1
37,normal,0.4906988771854254,0.3852733966016255,0.26973914688286105,2.079955550737183,53.707701290564664,False,False,False,,True,1
38,normal,0.45939511820906465,0.38048857310210976,0.13292742428030538,0.5204760943385511,45.13795818290318,False,False,False,,True,2
39,cold_storage,0.2855747686840761,0.33931830072003255,0.24610106348309319,7.941934520600729,139.13683615113413,False,True,False,279.0,True,1
40,normal,0.25696936018029115,0.243540179682835,0.11169665840145988,7.489503198495912,15.486181432886424,False,False,False,,True,2
41,normal,0.21714958187224492,0.3168355188917943,0.2005700765839027,8.60083897445871,24.168945514553492,False,False,False,,True,3
42,normal,0.22403343957217609,0.23716499219614465,0.21900702129000554,6.9145192592388565,31.168350550083808,False,False,False,,True,1
43,normal,0.48247883816872683,0.313935082027637,0.2157838115014421,0.8775457917461118,17.378506494538794,False,False,False,,True,3
44,hazardous,0.37510168678736744,0.3045565431063918,0.28694125154728545,2.440462394523596,223.371786213142,False,False,True,,True,1
45,normal,0.27968435375940615,0.2261756564254913,0.2291001577675299,4.843633439419294,93.61164985349627,False,False,False,,True,1
46,cold_storage,0.20279463706527392,0.3242318510986186,0.2125987291277892,1.4498218647835905,116.77419273829292,False,True,False,289.0,True,2
47,normal,0.2397369711099402,0.26980176699290304,0.11375826281200385,2.8207019568272482,35.64886520949911,False,False,False,,True,2
48,fragile,0.35012348639194213,0.24070798501747417,0.161167776572595,4.937442011794371,344.2893429698297,True,False,False,,False,1
49,fragile,0.10234693214564738,0.26342082702309233,0.1299378752199978,3.3506047033337794,472.51850176719677,True,False,False,,False,1
50,normal,0.24028733431801033,0.22308573408382046,0.12140719554188353,5.755624588405751,34.51133910833347,False,False,False,,True,3
51,high_value,0.26318889644208293,0.26857605755865177,0.2374994257602661,8.602671746223026,2774.3407614409425,True,False,False,,False,1
52,cold_storage,0.27533637562096824,0.3816318092437144,0.11015977873250614,6.5257022494373444,169.28265608699948,False,True,False,52.0,True,1
53,hazardous,0.30006696158152646,0.22616393214034047,0.29595959076576717,2.0350287746019182,149.29558820242966,False,False,True,,True,3
54,hazardous,0.3283060756942038,0.201933939921668,0.11504877201475341,8.889510736351358,274.0607143211712,False,False,True,,True,3
55,fragile,0.11080844141824919,0.17384319690243835,0.15525250967449977,2.205954893115782,68.82298617598603,True,False,False,,False,1
56,hazardous,0.3093954545981768,0.3866176021041309,0.2944392530034521,0.8790013420565725,126.60849270761506,False,False,True,,True,3
57,normal,0.2748589217668773,0.22055872433435714,0.2560232483742885,8.899279663784585,46.57396508489051,False,False,False,,True,3
58,normal,0.42484328334306176,0.38515276451391134,0.14734746644587174,2.043766787454167,81.98983269162069,False,False,False,,True,1
59,normal,0.4644248613989973,0.20495727237963776,0.24731289435101642,3.655761945491072,93.7734297443493,False,False,False,,True,3
60,normal,0.4592192085125838,0.3621498633148778,0.1533611419188944,7.980057836786976,19.72860637626614,False,False,False,,True,1
61,normal,0.4575779754013345,0.2444867435091329,0.26331732111938577,4.87288072944995,37.467178060474055,False,False,False,,True,1
62,normal,0.2668770641617427,0.33200663654972584,0.1796931957129567,3.146729079718537,16.247867919653793,False,False,False,,True,2
63,cold_storage,0.3053438387248257,0.3018811351056075,0.23590362367205273,8.514781051084768,79.60697627859327,False,True,False,44.0,True,1
64,normal,0.4631115234726681,0.25224303927804204,0.21611794674774154,9.843730442389328,13.443147761793645,False,False,False,,True,3
65,normal,0.3303691275693933,0.34570901213054084,0.16273546283899826,6.258984106408361,56.02807537025303,False,False,False,,True,2
66,fragile,0.3698514198733599,0.1380157549004592,0.10443865337132312,2.2366818257293644,283.96415685496345,True,False,False,,False,1
67,normal,0.4419532609100312,0.3373714293829053,0.28805262407951066,7.501858088157853,27.733161619156093,False,False,False,,True,2
68,cold_storage,0.22099214333789308,0.33284753698225444,0.16604000720851927,3.482198628054417,172.6427503111404,False,True,False,183.0,True,3
69,normal,0.292785398662596,0.2816785817238434,0.18048007741154493,3.308724423996497,21.45590191532379,False,False,False,,True,2
70,high_value,0.39947883026383146,0.27582905542450836,0.249626912031778,2.1532597604944677,3060.973646896142,True,False,False,,False,1
71,cold_storage,0.32182255062744886,0.36674503386081153,0.16077498985367075,2.4967355063850984,161.43658894596442,False,True,False,340.0,True,3
72,normal,0.29667476892096145,0.28835720336759063,0.23512544663801996,5.356152970308577,81.43618591954018,False,False,False,,True,3
73,normal,0.2509074188594164,0.21695910734502435,0.2030904019830433,6.512938129775059,40.16694298688208,False,False,False,,True,1
74,cold_storage,0.40183870116715015,0.24492813319945766,0.13982598654531533,0.7320411834048502,64.07165793410303,False,True,False,273.0,True,3
75,cold_storage,0.45492130838741957,0.21456564583691384,0.18288820219954388,6.48277111700828,54.99834261314768,False,True,False,226.0,True,2
76,cold_storage,0.3198958588629613,0.22951426901825966,0.2375244826161039,8.980268349007982,174.87930177605384,False,True,False,84.0,True,2
77,cold_storage,0.26565234104369584,0.3608219712346286,0.23918235528164766,4.913223903455395,120.33304292601116,False,True,False,92.0,True,2
78,normal,0.24000173166710867,0.29292864749964737,0.20622637717111775,5.80979025853274,38.55681617188128,False,False,False,,True,2
79,normal,0.3837956968285289,0.34385479225519344,0.2009556329648804,8.390407112353444,59.30847555497456,False,False,False,,True,1
80,normal,0.42309663264787545,0.2949348873646107,0.15183830969300388,2.848777506341766,67.38952930985405,False,False,False,,True,3
81,hazardous,0.34537910512108005,0.2478491727629266,0.18797451865298054,7.278676194805036,93.31326606395154,False,False,True,,True,2
82,fragile,0.19591287052562872,0.2080304445036913,0.11383740615161558,1.2331812506681155,362.27741553457355,True,False,False,,False,1
83,normal,0.41192574250836567,0.21284577014277561,0.18151987393331734,5.6548058347871955,47.41968106928404,False,False,False,,True,1
84,normal,0.4498673508021463,0.27789536253338826,0.2539591544629326,9.487589319105956,11.757876106395441,False,False,False,,True,3
85,normal,0.31411430867831347,0.20117921671679861,0.17035176053436493,7.658013688064166,86.81031555121942,False,False,False,,True,2
86,normal,0.3614661702830695,0.3469268121512715,0.25997363418825353,9.029207800292355,53.94065297952254,False,False,False,,True,2
87,cold_storage,0.330750792813991,0.20580496398934306,0.1672259087396765,6.951847907769322,92.77700044477467,False,True,False,114.0,True,2
88,fragile,0.37586248620069285,0.29614439550378463,0.15341236295325045,4.543951426675164,316.3517490325599,True,False,False,,False,1
89,hazardous,0.3988999270508484,0.21678949243240006,0.18572255393221898,8.735087878153735,79.06683715862668,False,False,True,,True,2
90,normal,0.3137311592564419,0.2423320568422963,0.1653691609762617,7.731682224993257,44.12135940077226,False,False,False,,True,2
91,normal,0.2756814595347142,0.21638124655232852,0.10387665741000214,5.62448095526407,99.99170456582883,False,False,False,,True,2
92,cold_storage,0.26726664971592445,0.2137236740905539,0.2914571205552736,0.8824523066372825,25.58539979852818,False,True,False,156.0,True,1
93,cold_storage,0.45176865388537946,0.3242671313172316,0.14770898837778118,4.998830078988217,40.590100299675186,False,True,False,141.0,True,2
94,fragile,0.30983949137384525,0.2533796196712481,0.11677891433678023,3.0755127200655656,386.5665433798786,True,False,False,,False,1
95,cold_storage,0.23435986141366932,0.363860234862217,0.29294415460681755,1.5269381217472624,24.622116589543882,False,True,False,189.0,True,3
96,normal,0.40320418605512265,0.3916345676411792,0.17933088830332547,7.29263969796995,16.839683005875397,False,False,False,,True,3
97,fragile,0.34917149013409554,0.14856987610742642,0.1697193002495772,1.5777551588895684,357.9165676249953,True,False,False,,False,1
98,normal,0.4416583890938499,0.35924544332004243,0.21318651107346318,0.8901567369582931,57.94707207794502,False,False,False,,True,3
99,normal,0.31117126286541685,0.3011921579354156,0.16824623497225663,8.570968456495985,84.00978262810523,False,False,False,,True,1
100,normal,0.33005702039775453,0.27243760769901443,0.27831500296102063,4.867523802216589,23.76920341844739,False,False,False,,True,1
101,normal,0.42013859120401753,0.39309474624761553,0.15401647927748016,8.177892578664181,58.43556158034302,False,False,False,,True,2
102,fragile,0.23946213149035236,0.2651469196841511,0.15924746190637018,1.6792924566074794,160.4728260921609,True,False,False,,False,1
103,normal,0.48038656358420007,0.25578564983849406,0.1901604000387541,7.629524677356559,61.286468021049,False,False,False,,True,3
104,fragile,0.21369679123847923,0.10573999955401792,0.18509528363124592,0.9910153000726899,145.45393258088257,True,False,False,,False,1
105,hazardous,0.43934970704842896,0.26806776863285675,0.2760639959516451,7.161245628155915,104.59251545416993,False,False,True,,True,1
106,normal,0.35498817551448025,0.23821128470541977,0.14827121007453598,4.361067184369933,59.96585904236747,False,False,False,,True,1
107,normal,0.40718280183395694,0.3291805799481905,0.1981642670157172,8.032862247257015,18.37480154992045,False,False,False,,True,1
108,cold_storage,0.32132033860337844,0.24866103277535145,0.2327920043193632,4.005694281279851,119.62513190184494,False,True,False,206.0,True,2
109,normal,0.4989894391877996,0.3100776945513357,0.17036210552283365,4.8105799971051955,37.59606922139474,False,False,False,,True,1
110,normal,0.23619676542569176,0.23851685869030348,0.12391094825101057,5.590707671145623,78.59706485356926,False,False,False,,True,1
111,normal,0.25746229190316344,0.3477209307017901,0.15529992539373785,6.101075606627513,78.41871058357744,False,False,False,,True,3
112,normal,0.2848996109824865,0.22010522161815815,0.13882351561821468,2.6610900530842696,26.1497389316863,False,False,False,,True,1
113,hazardous,0.4124055457133094,0.22531659196959633,0.10910314019664367,1.0179971922703839,108.87689402924994,False,False,True,,True,1
114,cold_storage,0.3913608965317783,0.3505584351582508,0.12051752935755214,0.6165213320673257,71.18107888468688,False,True,False,275.0,True,2
115,fragile,0.20221177976808774,0.293099528627659,0.12524783904929726,4.3224425266748145,101.33921332621604,True,False,False,,False,1
116,hazardous,0.21960303053417976,0.29834931205821363,0.2154042312941636,7.021284673432158,70.96629187675823,False,False,True,,True,3
117,cold_storage,0.48473769270740935,0.21703618167924602,0.14963819104202322,5.801693828867471,94.91132385385912,False,True,False,335.0,True,3
118,normal,0.2677061411195104,0.3045145070260436,0.19010289297775085,4.705849538183619,87.41499992435621,False,False,False,,True,2
119,hazardous,0.29161407329580813,0.32420546421442975,0.22192618244902607,7.530848402103177,285.849354087852,False,False,True,,True,1
120,fragile,0.287654509121981,0.1529292250580015,0.10811874654669844,1.275339370605993,298.3965105099916,True,False,False,,False,1
121,cold_storage,0.24695978463294144,0.2817035145320054,0.23787422715695378,4.9641685505730155,25.875173968566372,False,True,False,177.0,True,3
122,hazardous,0.2848155119336863,0.3719213462681045,0.11423595203069586,2.7175261585202426,101.4297489279029,False,False,True,,True,3
123,normal,0.3769368767615774,0.3607811360562868,0.13956384275129283,1.5903748733799348,30.232850523942144,False,False,False,,True,1
124,normal,0.47252343356378185,0.36532623193001196,0.11428196737116283,2.0762664975968845,37.68506313528093,False,False,False,,True,3
125,normal,0.4472720903960028,0.38423850579352764,0.18783068973474748,4.952630717623538,37.368207149029004,False,False,False,,True,2
126,normal,0.4828028722232122,0.30009443542358516,0.19875904386901685,1.2641975930433593,13.587470576525174,False,False,False,,True,2
127,cold_storage,0.4203601769856846,0.32074272818918215,0.1051729784776671,2.674781949357356,141.37370609099082,False,True,False,324.0,True,3
128,hazardous,0.4852358833419057,0.3999144833754903,0.23445631686064786,3.060354746687012,40.86255174904637,False,False,True,,True,1
129,normal,0.34115024697549007,0.33030189788673725,0.2832145575853535,2.224146898619696,62.679666275006895,False,False,False,,True,3
130,fragile,0.34427348336218105,0.2938110472131407,0.14700103949603519,2.1009056578070755,194.4762151804572,True,False,False,,False,1
131,normal,0.23137996537476724,0.2321649705317671,0.18232901795755874,5.206955699161209,69.63251832922859,False,False,False,,True,2
132,normal,0.4440698104213918,0.3100193217943566,0.19096518172034588,3.4879129931165953,39.094640764839525,False,False,False,,True,2
133,normal,0.4594731752155637,0.3649854406537402,0.10023021348962245,8.758991101046197,51.577871048392964,False,False,False,,True,1
134,normal,0.2562747624183581,0.27235587183033505,0.25128863081111474,6.441383050377585,78.39914824549153,False,False,False,,True,1
135,hazardous,0.28011687148187975,0.2262026457900893,0.1576058289976658,8.868042864899152,160.8721851764995,False,False,True,,True,1
136,normal,0.4919440447465083,0.321774333416393,0.14785949246553007,2.0045925561497078,59.575510630240295,False,False,False,,True,3
137,fragile,0.2223972061869708,0.14494013189115693,0.18414056816170357,0.6559594777308003,476.17733406171027,True,False,False,,False,1
138,cold_storage,0.39431290663512764,0.23079422488566562,0.28653061198682084,3.272684822486967,146.97409338665366,False,True,False,242.0,True,2
139,normal,0.4940733897810126,0.24874618121502767,0.21025301537609392,4.144067125847924,92.96813349384057,False,False,False,,True,3
140,high_value,0.4238877636477193,0.22730166891817294,0.11396201592124611,7.840413760431548,4344.855709874934,True,False,False,,False,1
141,high_value,0.30196257293428863,0.35754348115285883,0.15343453261338097,0.5243699639064835,3767.2294217608965,True,False,False,,False,1
142,normal,0.4512427767819264,0.31598467677668085,0.23198815061098388,8.719975649652305,50.1892653738875,False,False,False,,True,2
143,normal,0.3035371825079023,0.3103834834141622,0.20868601259173458,4.82577386023176,38.95996152061337,False,False,False,,True,1
144,normal,0.4942323893997783,0.24776110883324987,0.17659416978592044,8.632123271880094,46.96975859946203,False,False,False,,True,2
145,normal,0.4234115454695588,0.34104557620500053,0.26228178051297535,4.167748148664332,69.73199465360813,False,False,False,,True,3
146,normal,0.49424544159793554,0.29906572992328473,0.10740392226911524,5.271765926263176,63.11623863786103,False,False,False,,True,1
147,fragile,0.36225711221629253,0.18806124195413543,0.15259510868075615,2.338947564923787,375.09972240678917,True,False,False,,False,1
148,fragile,0.22299358592390933,0.23095626528554675,0.11543612187715489,2.4005039448251866,486.14163375839775,True,False,False,,False,1
149,normal,0.3015683702154295,0.33854091971737643,0.22996733051585452,8.591770277331568,86.71072029093038,False,False,False,,True,3
150,normal,0.3140028192567965,0.26333223078667994,0.2437434850445966,7.714317188676454,88.51447156586826,False,False,False,,True,1
151,hazardous,0.38523783848081694,0.24695404862040432,0.23687991488118335,3.2301005383994146,91.42129578908471,False,False,True,,True,1
152,normal,0.3301914415769377,0.2196886252766396,0.22674956575615826,8.789502709767362,49.93106964955352,False,False,False,,True,3
153,normal,0.2898398240732194,0.20578944987951364,0.16487493335626044,1.0331326669975658,42.26170080703271,False,False,False,,True,2
154,normal,0.24367093870981954,0.306233263629752,0.21318561238318734,8.028935001869055,25.298528416128764,False,False,False,,True,1
155,high_value,0.3828475360665611,0.2765088597233748,0.23662691599254276,5.227838897495535,3124.2070879342386,True,False,False,,False,1
156,normal,0.26965653328854566,0.3275809262007137,0.19191409983534619,6.834986814031567,90.90176785302889,False,False,False,,True,2
157,cold_storage,0.4703628270796649,0.3355221771398159,0.1315951244143574,4.696432944236237,82.20181239975471,False,True,False,330.0,True,2
158,cold_storage,0.39168161070800367,0.28486178769217957,0.15001964488154024,8.530387288854687,55.85905983960062,False,True,False,226.0,True,2
159,normal,0.23199598022670828,0.2762728595315258,0.17179183151544916,3.3107877070499536,72.93511715956603,False,False,False,,True,1
160,cold_storage,0.4933833453730588,0.33164596318573614,0.15489607603564554,5.87632566107914,143.4439086921222,False,True,False,55.0,True,3
161,normal,0.42355164624019104,0.3665677799346377,0.28058698368995505,7.869539306232118,30.71065518733747,False,False,False,,True,2
162,fragile,0.16570136167843164,0.13802639785541765,0.1250626800043616,3.8023288863342186,395.36184852295884,True,False,False,,False,1
163,fragile,0.30425652825460686,0.12735584769881977,0.1097163929815618,3.1745447283019796,67.74015828236782,True,False,False,,False,1
164,fragile,0.3365831452030462,0.1066729062491265,0.13648612330284698,0.7439178514603787,459.33251554369707,True,False,False,,False,1
165,normal,0.29801573771420314,0.2831006186837555,0.14015895893001523,7.971871704789799,88.88145370359766,False,False,False,,True,2
166,cold_storage,0.3592557121108355,0.3826973948963394,0.26609452391347943,2.941215803350992,168.4441662576333,False,True,False,276.0,True,2
167,normal,0.4239678052151135,0.2677430507603773,0.12303394148995189,9.647486282254338,22.668131350529443,False,False,False,,True,1
168,normal,0.45804217906964656,0.3448433424151036,0.2959884485563807,9.689062599350308,82.41288796185057,False,False,False,,True,2
169,normal,0.227090862670575,0.2789149120657424,0.15289171567048476,1.6740929992531774,43.17270927544351,False,False,False,,True,3
170,fragile,0.301702239205304,0.21691201833043322,0.18224173012267744,4.707430269719816,98.7557459896538,True,False,False,,False,1
171,cold_storage,0.27014657066347497,0.20500492992929648,0.27684696904297046,5.833370131373849,184.7460635737687,False,True,False,143.0,True,3
172,normal,0.21896511234805865,0.3647710702780895,0.2818775276855784,3.370806658027877,46.746627021587145,False,False,False,,True,1
173,fragile,0.11360404330401463,0.107442425644941,0.19959273747550296,0.6689903555530365,155.66001459409807,True,False,False,,False,1
174,normal,0.3612639817647577,0.2777291662300285,0.17420230309737655,9.519117299913102,72.68355924738697,False,False,False,,True,3
175,fragile,0.22573802602441687,0.24845380295306316,0.11545229024098351,2.132934184440354,94.55973561973782,True,False,False,,False,1
176,normal,0.3468041113368844,0.2816231771395401,0.29030430507621185,0.8108047251229455,43.347696286099186,False,False,False,,True,2
177,cold_storage,0.33340875793372504,0.24722252764619915,0.1725372077515045,9.818813324078638,86.12029252949249,False,True,False,360.0,True,2
178,normal,0.21816502674998264,0.2551762881723174,0.29364137518727734,9.515602488490307,84.17719737384142,False,False,False,,True,1
179,hazardous,0.3988306214185934,0.3283408934466435,0.21942919190390903,0.702895819995521,242.43453942274652,False,False,True,,True,1
180,normal,0.49664627118242655,0.3573956199952632,0.14104111502857528,8.38326945356276,59.878700961501615,False,False,False,,True,3
181,normal,0.26478540557560243,0.37393908535390896,0.16571191068644608,1.9017647094437153,91.04779320685823,False,False,False,,True,1
182,normal,0.2831824537927049,0.3968056263695478,0.2975054608732345,5.632046840199939,81.86624412018612,False,False,False,,True,1
183,hazardous,0.39831729277919503,0.2051560299572397,0.10297206544614178,8.004854310230161,94.24153364442502,False,False,True,,True,2
184,hazardous,0.2047343250533481,0.2530735016649947,0.12535170874255605,4.499125290645752,60.685312832367586,False,False,True,,True,1
185,normal,0.3428737896269751,0.35560340786284056,0.2026475915218383,1.5360130950365325,55.345482080723926,False,False,False,,True,3
186,cold_storage,0.21300951106975152,0.35664539919607596,0.27339618155196765,5.453786539774299,102.44765397758276,False,True,False,45.0,True,1
187,cold_storage,0.49957602652679806,0.36945970863344857,0.18525472385599834,1.5256373819526583,148.23223668147733,False,True,False,257.0,True,1
188,fragile,0.36978002953706046,0.1644223639492652,0.11483338256603647,0.7183387826947747,330.94287242654354,True,False,False,,False,1
189,fragile,0.27560940656443633,0.2424305592852614,0.1380904398818521,3.0272200904766358,182.70398567745042,True,False,False,,False,1
190,normal,0.35166532234570413,0.2860398651647247,0.2586192186203292,1.5869336880857563,68.9241661770828,False,False,False,,True,3
191,normal,0.41625197499727973,0.24300461326549938,0.19031098319305628,2.6706889564635516,40.503845695165765,False,False,False,,True,2
192,hazardous,0.319619055277086,0.34592250152690085,0.1625096699994266,3.468973925847744,98.82024505035038,False,False,True,,True,1
193,hazardous,0.406046310640093,0.29485357711782056,0.11824495767320974,1.3109613946503842,146.60666000896987,False,False,True,,True,3
194,fragile,0.3216387995466148,0.2623538570554784,0.15563707356153503,2.973678905423437,302.71388629643263,True,False,False,,False,1
195,normal,0.2988937944248615,0.22444625707091187,0.17071961592675353,6.820734940027696,77.52558252263304,False,False,False,,True,3
196,normal,0.21543382399171282,0.2575258815294655,0.1624897798175308,1.4842053762840173,55.66712922712037,False,False,False,,True,1
197,cold_storage,0.39702089089644566,0.24484897382151313,0.12164367638545333,8.531047476712779,86.16098911076303,False,True,False,172.0,True,3
198,hazardous,0.26784772829835424,0.28582248217635625,0.21219314034960657,7.790609052591436,197.86542747665035,False,False,True,,True,3
199,hazardous,0.3928097491489494,0.2052507662907167,0.2858168581989873,8.379877504616799,102.21088579160987,False,False,True,,True,1
200,cold_storage,0.2819811166138174,0.3524819035961996,0.28430750420663453,3.834722497001327,52.653000478262356,False,True,False,103.0,True,3
201,fragile,0.2972033904510387,0.11391708424966729,0.17409690591184201,4.8618705619142935,91.2909573745004,True,False,False,,False,1
202,normal,0.35914480659767883,0.2752388811406977,0.19072915813460345,1.9953881205283426,38.047363273379474,False,False,False,,True,2
203,normal,0.4330506859900223,0.31351871132287945,0.11699140799543586,0.9997838510424569,24.166890739643783,False,False,False,,True,3
204,hazardous,0.21492874772988715,0.21631630550638264,0.1886225948660652,4.528140344573454,193.91052200907416,False,False,True,,True,2
205,fragile,0.18195005330943087,0.2509886287336741,0.11138175081102018,2.206576803649663,177.46091153620222,True,False,False,,False,1
206,normal,0.4035458764280399,0.2973265506728502,0.23342651174726992,0.9314649447420615,45.573705647886605,False,False,False,,True,3
207,normal,0.2164345875554243,0.24088462487074636,0.28906481744532875,7.789820509431738,78.77448061851229,False,False,False,,True,2
208,cold_storage,0.29843670678135237,0.2015459813138624,0.24940282468595357,2.1691006178205017,88.43734022874253,False,True,False,147.0,True,3
209,normal,0.36761707030241386,0.33360963434904845,0.17083343427192493,4.2721761553493245,76.78371946370008,False,False,False,,True,2
210,normal,0.20562246097569373,0.3842324869004825,0.27242200272241324,5.969712026999895,61.60597127972587,False,False,False,,True,3
211,fragile,0.2920425007142737,0.15790304111715164,0.14050323070649545,4.8343784860623185,127.34293126013105,True,False,False,,False,1
212,cold_storage,0.48428429279802426,0.29201938037876174,0.23792200821603796,3.937600566724195,98.60812032228101,False,True,False,84.0,True,1
213,cold_storage,0.33070295808212,0.28008996326321745,0.11572941749657198,8.76998195385641,154.24486876362852,False,True,False,143.0,True,2
214,normal,0.4337353605809794,0.21527587549460425,0.22664493339363728,5.540745797340159,27.45133356402103,False,False,False,,True,2
215,cold_storage,0.30532992048720814,0.3916446697994301,0.22908859523391276,1.9030534419756684,38.50481499999731,False,True,False,161.0,True,1
216,normal,0.25204970673262844,0.23057395780118597,0.2518304760091141,1.21585609900123,95.61629265216237,False,False,False,,True,3
217,normal,0.3482351075052166,0.35088916504939716,0.25197542992154964,4.764599941453098,93.17388325470934,False,False,False,,True,3
218,cold_storage,0.3928975492014698,0.3973063895471719,0.16464164832867215,9.724244109977523,76.90500100830442,False,True,False,255.0,True,1
219,fragile,0.240676325057912,0.22627702400508587,0.17963296791514283,2.997956808472003,208.37400017903445,True,False,False,,False,1
220,cold_storage,0.2222571968519863,0.29234849728929085,0.10752144911421842,4.003007195153222,71.67386586823747,False,True,False,360.0,True,1
221,cold_storage,0.38450251652467204,0.30141356346679105,0.19254233178545443,5.7660055277138875,162.52720350776454,False,True,False,51.0,True,2
222,fragile,0.37271498697209937,0.21433133729076004,0.11882394650692252,3.064528586943315,275.61528584277244,True,False,False,,False,1
223,normal,0.4873167076599755,0.29010462180301827,0.26219336226452417,8.455083193351765,98.41470229840576,False,False,False,,True,1
224,normal,0.3513647004502872,0.23451178228727299,0.14954874471965685,4.658703605937713,49.547961258636185,False,False,False,,True,3
225,normal,0.38294162189680236,0.2727795919371426,0.28358735782339206,4.180457315469601,79.7018309716362,False,False,False,,True,3
226,normal,0.37936575871489686,0.357845386312733,0.22946107139386138,1.126162615657316,18.50553527635849,False,False,False,,True,3
227,high_value,0.31596926141712134,0.2503991569932307,0.27031325199688083,9.661895272212144,3212.153661472786,True,False,False,,False,1
228,normal,0.24511199817067839,0.2163003974895768,0.23272242120121175,9.209091323042642,37.92085637966309,False,False,False,,True,3
229,hazardous,0.4095439888435643,0.2783915968670721,0.21900824563031496,9.411020895874728,113.58710960230945,False,False,True,,True,2
230,fragile,0.29304797900839585,0.16569531085071681,0.1127793764100346,3.5438712735615594,476.1988809887215,True,False,False,,False,1
231,cold_storage,0.49914923388976107,0.3824895970916649,0.11869059301320435,6.869332380759421,111.52792755610537,False,True,False,39.0,True,2
232,fragile,0.1926598210191643,0.29023386271922685,0.13417323451315483,3.8541654175723163,136.4023551489738,True,False,False,,False,1
233,fragile,0.39999298633090863,0.13098903458888095,0.1295792101654622,3.961788850989861,278.4603707260908,True,False,False,,False,1
234,normal,0.36193122752410134,0.34772880060029354,0.20530632590911907,6.788327755028467,88.87534952884677,False,False,False,,True,3
235,normal,0.2393147124288524,0.27534397416450496,0.1324494424176901,8.397778038546694,79.39880323578896,False,False,False,,True,1
236,cold_storage,0.4163548993416281,0.20873848559090288,0.1728598828261538,7.336063901011174,194.5259486135525,False,True,False,342.0,True,2
237,normal,0.42571734953344575,0.35676007188696857,0.14680058886708489,2.772100723832435,96.90369734746328,False,False,False,,True,2
238,normal,0.47119230144123747,0.23880323524451397,0.2356613650130185,5.918984236956969,49.65376631581185,False,False,False,,True,2
239,fragile,0.3334372111749778,0.2005813382975158,0.1418660826729746,0.8940850489047697,139.8639791501064,True,False,False,,False,1
240,normal,0.38139903427302513,0.37460038401186946,0.11043596065220092,5.065611226887338,43.409089594398935,False,False,False,,True,1
241,hazardous,0.4134202931357002,0.3031818775104971,0.12493555439272973,1.2968136910320058,73.2843302462522,False,False,True,,True,2
242,high_value,0.47159186269347236,0.22946973119832087,0.18749451203899614,9.490925998611726,1499.1710310814128,True,False,False,,False,1
243,hazardous,0.3353383970662127,0.2699170156277298,0.10533403816058771,1.0059404281252073,165.54192096717358,False,False,True,,True,1
244,normal,0.3158498354133785,0.21632108744220835,0.14490775172142317,3.5275063167724467,18.91748119537432,False,False,False,,True,3
245,normal,0.3949882052882545,0.3582761274964352,0.12751991754517433,3.2253542744760475,84.67854248375403,False,False,False,,True,3
246,hazardous,0.4493331457796529,0.3517682309531215,0.19382202543109872,6.345808443053709,274.58152205788315,False,False,True,,True,1
247,normal,0.2767771785311134,0.36699261985647624,0.20976084908876708,7.4087304605868525,57.49943552980518,False,False,False,,True,1
248,high_value,0.43285178979061895,0.24752804532818673,0.12436966903172351,2.7651752828683156,3375.2827947776464,True,False,False,,False,1
249,high_value,0.3868431705022908,0.21256143020221277,0.26733754412106703,5.2483776112572915,2912.2420294132758,True,False,False,,False,1
250,hazardous,0.3895864826039427,0.3150094915061267,0.24370886555847052,3.2670838838649496,30.42237070201773,False,False,True,,True,2
251,normal,0.2721692716419631,0.283313519041708,0.2328742603484018,1.3133325723789868,97.71890418569996,False,False,False,,True,1
252,normal,0.48602110339565446,0.30881639198560673,0.2572824671690635,5.322414593878713,11.830087565934921,False,False,False,,True,2
253,hazardous,0.213060327550033,0.2773762643054715,0.1746604774201665,7.59950761984513,126.41534665897788,False,False,True,,True,1
254,normal,0.3034407479490174,0.3465882042901284,0.22565139249513128,7.829263054043661,76.16682863310801,False,False,False,,True,2
255,normal,0.24002287695780922,0.2704598092228379,0.16770945163594014,6.606558353925844,84.73452910872425,False,False,False,,True,3
256,fragile,0.23938686992411135,0.23907785039921278,0.16317358477583377,4.076338641053272,78.39524166450109,True,False,False,,False,1
257,hazardous,0.4328571199110265,0.29153591548947067,0.15868851423500624,0.9161596187616694,83.85685510310086,False,False,True,,True,1
258,cold_storage,0.2946787460149176,0.2620151765873784,0.1796448111372034,8.246357766231831,105.21195818183182,False,True,False,48.0,True,3
259,fragile,0.15733102922017328,0.1713948352070727,0.1780841566978425,4.342411557682482,199.36610887160504,True,False,False,,False,1
260,normal,0.23734250247331504,0.2736038348629346,0.2778973034024563,7.561423202436401,90.5173745459548,False,False,False,,True,2
261,fragile,0.2017109885224482,0.13736344351798774,0.1692068491112615,1.8999999421024418,408.78089616949956,True,False,False,,False,1
262,high_value,0.2800162087406548,0.21652230132681327,0.1848999322636828,4.590767944032746,4977.9417417983395,True,False,False,,False,1
263,normal,0.25413694578142704,0.2587532838004998,0.12051958155642287,3.615239100744818,36.60759544063081,False,False,False,,True,2
264,fragile,0.28078648831917996,0.18522321457660906,0.16897648084454864,1.8225802204827617,69.05982328255828,True,False,False,,False,1
265,hazardous,0.46101115251691765,0.2705118620616965,0.29963011955460983,3.1082759207111472,294.6073653824554,False,False,True,,True,1
266,cold_storage,0.2225123494964478,0.32750250757665966,0.17266222613019647,8.110411767840613,142.29390940664416,False,True,False,45.0,True,1
267,cold_storage,0.45460079299116035,0.3356177743990898,0.18763456498801553,1.6991852308714157,62.479168475663414,False,True,False,360.0,True,2
268,cold_storage,0.3086451747630262,0.38989342237598396,0.1064770647959334,1.957662552230727,100.98606236866291,False,True,False,219.0,True,2
269,normal,0.333181786752681,0.2153770857660797,0.12753902156570535,3.986024512211407,38.29468971833934,False,False,False,,True,2
270,normal,0.2748834959280194,0.2226897225170036,0.24713497189588554,5.240917622436434,44.82886420353371,False,False,False,,True,3
271,cold_storage,0.23532829864720256,0.35499289670629763,0.24080756224136515,2.5384190415253376,130.13789289745566,False,True,False,281.0,True,1
272,cold_storage,0.23679122657119128,0.3705652580768646,0.19040853704907945,9.037450792469189,100.1200146936419,False,True,False,74.0,True,3
273,hazardous,0.4902683709089187,0.3973149319284972,0.23356795809779357,7.240634624786088,178.49922982146046,False,False,True,,True,2
274,hazardous,0.4673995047061667,0.3702724101506252,0.24236182080144253,9.30958233887019,202.1790060922844,False,False,True,,True,2
275,fragile,0.25262672355229027,0.12427249101569138,0.12009803711776858,0.7804966729879922,405.66787736348715,True,False,False,,False,1
276,fragile,0.10788520804247971,0.210804287451919,0.1368911165501221,4.037942458814074,298.2411202668924,True,False,False,,False,1
277,cold_storage,0.38358450878615624,0.21724309633038655,0.16185814350569244,9.996152917376676,149.3965387803295,False,True,False,299.0,True,2
278,fragile,0.33074936511240943,0.2646678799016781,0.1073750712911239,4.864660684417453,339.0523652238716,True,False,False,,False,1
279,cold_storage,0.3349923486988988,0.33602179812991617,0.16890295614053993,8.84062144067891,160.44732719089552,False,True,False,357.0,True,3
280,cold_storage,0.2545889409656412,0.3932529227868214,0.18652365729639497,9.15176657399543,29.974313003199875,False,True,False,93.0,True,3
281,hazardous,0.2459046400430602,0.23293141597802483,0.1645321502309111,7.238655259027836,123.42623223230572,False,False,True,,True,3
282,normal,0.4684777750463373,0.3691867412311731,0.1501210617963998,6.533042368183586,59.57572739348257,False,False,False,,True,1
283,normal,0.38750670843457713,0.3228856556616396,0.1186856813767152,6.589380559340425,63.262760078494466,False,False,False,,True,3
284,normal,0.24625828006386896,0.33174657467675084,0.2441265536874546,6.248819624687626,85.82770037020501,False,False,False,,True,3
285,fragile,0.11235829105653523,0.27275623832400664,0.108122285489337,4.747879584454918,396.96006595750936,True,False,False,,False,1
286,normal,0.27939677234991633,0.24216167594039292,0.2144274404892128,6.372030050087097,12.725730872328764,False,False,False,,True,3
287,normal,0.3636732450641803,0.32838145786024653,0.16041882259092452,2.826340151164959,82.66143829859179,False,False,False,,True,2
288,fragile,0.1892301614289227,0.11459460510106917,0.1059913032934669,2.254066949610014,267.9130085483116,True,False,False,,False,1
289,normal,0.2612069040690196,0.3213320525641273,0.1625164998493866,7.324447408568156,76.07797793240921,False,False,False,,True,2
290,fragile,0.39261223837446413,0.1261532303104773,0.13705401980502913,2.852090957167009,193.60214888142076,True,False,False,,False,1
291,normal,0.33994177011219096,0.2534943348908365,0.14958377650510912,1.4197106993254287,36.11908044729114,False,False,False,,True,2
292,normal,0.45924915510872927,0.28362694866697535,0.2925371704478673,9.071952857204874,83.21300617955046,False,False,False,,True,3
293,cold_storage,0.41633852864663656,0.23796682024467197,0.13186848237852086,9.96170940540646,104.02672119272312,False,True,False,187.0,True,2
294,normal,0.2069528894649053,0.3890465608138475,0.20108889260475432,9.683522990248516,29.362998027361698,False,False,False,,True,2
295,normal,0.2145974398788968,0.2562712676747057,0.21950375420203724,8.507071645673143,70.52685433889044,False,False,False,,True,2
296,fragile,0.26100722478667815,0.26943447307869356,0.14309277693475406,4.424033081501105,377.37862851172633,True,False,False,,False,1
297,cold_storage,0.4291570292485969,0.2731874705035126,0.18011632420295132,5.917675616869778,55.03795433978943,False,True,False,313.0,True,2
298,normal,0.22205952492285255,0.300851105824641,0.25288082294144787,3.157346437427829,99.01816305586503,False,False,False,,True,3
299,fragile,0.28331294235321364,0.12573267813784303,0.10966814860247352,1.9286718479916183,494.05444899639775,True,False,False,,False,1
300,normal,0.3673495514816386,0.27312127464259445,0.12885347187378687,6.223398036037861,46.12483758484581,False,False,False,,True,1
301,normal,0.21359100574012244,0.22740727471350408,0.16660814107055344,5.000569428754305,51.12897033545865,False,False,False,,True,3
302,fragile,0.3679395076234022,0.12795619715447104,0.193136873552999,1.6607971556206047,226.82956453991738,True,False,False,,False,1
303,fragile,0.28495014624145487,0.26852038547282564,0.1593724655630987,2.5858434323863535,279.3713453378746,True,False,False,,False,1
304,fragile,0.24695399561987777,0.21258485212890887,0.14748925999980333,0.18152108196134312,199.05781711051517,True,False,False,,False,1
305,cold_storage,0.23288137684739685,0.2833080538864466,0.16153556674235287,9.038287489791065,176.9778405416597,False,True,False,352.0,True,1
306,high_value,0.37907288478595813,0.2531060873971443,0.23111819443539378,9.73454020823195,3103.1344950151056,True,False,False,,False,1
307,fragile,0.16826296758964684,0.11027103302407754,0.14804487837144142,2.668738429860947,374.53227586210596,True,False,False,,False,1
308,normal,0.43238183895014326,0.2760380672630306,0.26433225822557044,2.8008673213416326,61.531324426371334,False,False,False,,True,3
309,cold_storage,0.23296865640010905,0.20378747350132254,0.16273849668917104,1.9385969521337816,144.29004696533457,False,True,False,240.0,True,3
310,normal,0.4324916905421273,0.3841041899794422,0.27456354178246406,7.490454077052473,15.605315741298876,False,False,False,,True,1
311,normal,0.35560496346803394,0.3121773545817279,0.2996245736810964,5.044524341762311,43.914229856712616,False,False,False,,True,1
312,normal,0.33789905960587596,0.30662541291464424,0.20925464384896603,6.920751477285496,88.0888963109494,False,False,False,,True,3
313,normal,0.3929927299998385,0.3386626620059642,0.2220153160157503,2.326509606798777,32.18672219746243,False,False,False,,True,3
314,high_value,0.2895497483570882,0.3882971092654923,0.29645205929519913,7.826155556332613,3672.0542157646273,True,False,False,,False,1
315,cold_storage,0.4070719734690821,0.2978006159023058,0.19596068464041227,5.824632107244086,188.2073700664413,False,True,False,170.0,True,2
316,cold_storage,0.23656223171981453,0.33532444915650916,0.1759388370748765,9.811525104552942,167.3079428235012,False,True,False,104.0,True,2
317,normal,0.21261994604981765,0.3910627435358484,0.11580588720197008,9.278091502953865,69.03748454958168,False,False,False,,True,3
318,normal,0.343723778904945,0.2404136014401193,0.20771558474173055,9.363727370941424,72.65541705821404,False,False,False,,True,1
319,normal,0.23276797447132402,0.3481781953376986,0.1478564131892592,0.9822715845959082,91.46657718564371,False,False,False,,True,1
320,normal,0.3913833720225913,0.21049822136789256,0.18266027320965172,7.314901534377315,19.04904142996131,False,False,False,,True,1
321,fragile,0.10155443392213902,0.21007051315592334,0.19290996801699778,2.093846512579729,470.7644443682682,True,False,False,,False,1
322,cold_storage,0.46351988645426845,0.2954897040881793,0.13989119493352034,9.65718336946389,77.81018638145,False,True,False,360.0,True,1
323,cold_storage,0.4723810876206867,0.2178921441023033,0.21482667063507466,5.583946630489244,150.1611820836362,False,True,False,49.0,True,1
324,normal,0.3253654946735016,0.36752097781865106,0.28678452211564004,0.8452285675192773,85.25828783012562,False,False,False,,True,2
325,high_value,0.2558934895767467,0.34980064028819113,0.2744581370443697,3.249936273910553,668.5977916546333,True,False,False,,False,1
326,cold_storage,0.28951766319862426,0.3205565931011747,0.2856909692034034,3.682900080109653,101.78283406822311,False,True,False,358.0,True,3
327,fragile,0.25729556045065616,0.2778519927539833,0.11341999460090678,2.5706421002246573,172.7766866740966,True,False,False,,False,1
328,fragile,0.342644163472906,0.1661368193663571,0.17311192338087744,3.2765981596752844,373.3691780551492,True,False,False,,False,1
329,normal,0.20422525868553942,0.2674224358659501,0.1590048515316564,6.906810829000071,27.38451589490877,False,False,False,,True,3
330,normal,0.4568439512820373,0.37940855235679505,0.2653979650552619,5.395166260118061,17.806399286352033,False,False,False,,True,3
331,normal,0.22861553173835844,0.39633703848810775,0.1954908196979786,9.39034117651319,10.61471084855999,False,False,False,,True,2
332,cold_storage,0.2706563758404602,0.3507513303562914,0.29080696453098254,3.36848547707034,150.11885511217955,False,True,False,35.0,True,2
333,normal,0.3961050101210596,0.3385537180845478,0.11242486636010723,1.6231360541377395,37.61257078032578,False,False,False,,True,2
334,normal,0.40582208596733316,0.3846212027894234,0.2775602828019217,7.8134899508527695,72.12613396769328,False,False,False,,True,3
335,normal,0.4748391157551906,0.2590075200312494,0.22292508962876978,2.5817217088857674,22.02119039771237,False,False,False,,True,1
336,normal,0.3364936018312011,0.3977675923790618,0.17472496839738727,7.168436905128715,92.15171994547939,False,False,False,,True,3
337,hazardous,0.44059849753400926,0.3651207018172914,0.25237192399422137,6.9632482392342805,190.86990569343018,False,False,True,,True,1
338,cold_storage,0.3576519968660503,0.3056346248146387,0.17235697370484876,9.213824714419268,40.19758247670865,False,True,False,310.0,True,3
339,normal,0.26064703368999437,0.3073320316521114,0.132907431316551,8.617617070252034,49.76564973936678,False,False,False,,True,3
340,normal,0.2616204456618085,0.3166295356882035,0.11818832889033758,5.3485658633119275,82.78228748595134,False,False,False,,True,2
341,normal,0.2395833019463297,0.283084914768932,0.2127822370197427,5.80857339048828,70.54909410046325,False,False,False,,True,2
342,normal,0.41698402394750067,0.2791897419906515,0.2632906451866261,7.585142586902249,62.04801385531319,False,False,False,,True,1
343,normal,0.32710921543358756,0.3400769756194352,0.2082327008159811,1.0724284975121652,90.47966008046063,False,False,False,,True,2
344,normal,0.20952046130692373,0.2817733871638497,0.25379441251669654,7.775362987775261,98.04999564316908,False,False,False,,True,3
345,normal,0.48913477008125616,0.27489218412765354,0.2782667210437053,4.761102760295515,92.54035690135552,False,False,False,,True,2
346,fragile,0.21269366014059632,0.23654607082030826,0.16617925381254683,2.742571293202415,344.0903442884159,True,False,False,,False,1
347,fragile,0.2043309661417451,0.13569472580082234,0.15372584863980013,2.691328443765646,377.53616340775767,True,False,False,,False,1
348,normal,0.2668070647898799,0.20069465898898156,0.10454706546439332,3.3344483926783273,70.61498719989103,False,False,False,,True,3
349,normal,0.3272384089200205,0.27585529360675876,0.14593281335757974,4.875940146211664,23.960923588339057,False,False,False,,True,1
350,fragile,0.3812231083405201,0.24500478918178367,0.11128446387664774,4.066443099342053,238.65826932128846,True,False,False,,False,1
351,fragile,0.32981604025417105,0.2767513243690749,0.10156457963635496,1.1097999470660496,95.40352089162816,True,False,False,,False,1
352,hazardous,0.21007288272628424,0.31955697934631055,0.24065725337298574,0.9624250518156164,229.94609118956262,False,False,True,,True,2
353,cold_storage,0.33168884344623817,0.3079519617814857,0.25087714174945686,7.872604403914647,45.22440352068283,False,True,False,178.0,True,1
354,normal,0.4447358770289951,0.3463034966232037,0.1637807392738384,6.1802179056339925,70.52787112932222,False,False,False,,True,2
355,normal,0.2710712104330162,0.37525166443476143,0.29713911214502514,5.451885015516773,47.22041858021233,False,False,False,,True,2
356,fragile,0.11828729113202865,0.28970405100534424,0.1879713890963883,4.566730561540668,331.6969119417485,True,False,False,,False,1
357,normal,0.32816017468836306,0.2991241574986042,0.2944580470687371,9.445070893403162,70.42082722711501,False,False,False,,True,3
358,fragile,0.1956203371948937,0.18326492668428893,0.11492176078251637,1.944654923684947,389.48724375715636,True,False,False,,False,1
359,hazardous,0.342055646123666,0.36986818645200814,0.16014728375902956,7.221979576135736,247.55956318241948,False,False,True,,True,1
360,fragile,0.2687157848760727,0.2935572377093253,0.15572867581992733,0.7570544801894824,159.28633224031358,True,False,False,,False,1
361,normal,0.26100101991801633,0.329341170309589,0.28444522090224444,8.547767166236312,18.321759687417728,False,False,False,,True,3
362,fragile,0.3488218855645097,0.11030732582280277,0.137716797496134,3.0643502872758956,67.79639939315024,True,False,False,,False,1
363,normal,0.22183529851175088,0.36093012357010906,0.2175167377655286,6.878779961236413,29.531486951898618,False,False,False,,True,1
364,fragile,0.3608421554573614,0.16659286216376426,0.19570197605266731,0.17513516051961492,471.72189344101145,True,False,False,,False,1
365,hazardous,0.4886232668343377,0.2234632398886669,0.2999144014035623,5.049748325252475,95.50015909835021,False,False,True,,True,3
366,normal,0.4111305748027112,0.27932641195524704,0.14786619179260624,3.5553425838603214,35.475327776816165,False,False,False,,True,2
367,high_value,0.3600950382248789,0.27185191111031515,0.15231232547707052,5.371757130225848,2737.747818954425,True,False,False,,False,1
368,hazardous,0.22958246946964403,0.3962636913693154,0.19389808440451167,8.477446224855006,276.86923470232205,False,False,True,,True,2
369,normal,0.29387660566105733,0.20914308959621897,0.27281696829389646,7.541897597806646,11.459791090113443,False,False,False,,True,3
370,normal,0.48042747508890604,0.31582858520748014,0.18351561471103472,1.9479083967493611,39.68787573800739,False,False,False,,True,2
371,normal,0.3709368538112105,0.24914600327506883,0.21012850650341502,9.462913177952489,40.380785563285706,False,False,False,,True,2
372,normal,0.4899524801751031,0.32833889087974144,0.1981191165161565,2.0982196365396395,81.54779629182707,False,False,False,,True,1
373,normal,0.2419875585741852,0.3093092657451575,0.1368095545722535,8.948963032292575,99.12911867918707,False,False,False,,True,1
374,cold_storage,0.3571833246212238,0.36781369871899094,0.11486608228860513,8.270961153120158,28.732590955354205,False,True,False,33.0,True,2
375,normal,0.24124745914908807,0.32614032958661526,0.11359358833308453,1.9347816414150885,29.684770520895434,False,False,False,,True,2
376,normal,0.31196020780604355,0.3235670471753606,0.23335094591066793,6.35693393030121,53.48837382596426,False,False,False,,True,2
377,cold_storage,0.20471953006076593,0.30644249700254733,0.1822677016434833,0.6588984022249842,149.99468989262976,False,True,False,304.0,True,2
378,normal,0.20514277928072816,0.362631444182782,0.23480659042384205,8.158593140000574,91.87960293988895,False,False,False,,True,1
379,cold_storage,0.4754146533377034,0.3048770802451633,0.14819376646270163,6.387918002913384,65.43527533664248,False,True,False,211.0,True,2
380,normal,0.43848089962504005,0.21580384876288708,0.29185955882970605,4.860478582736259,31.888710477359382,False,False,False,,True,3
381,normal,0.26775717578822666,0.3368083250940771,0.26957342040630716,6.710489335811954,87.23972431190684,False,False,False,,True,1
382,cold_storage,0.22805015162813283,0.27585280444796323,0.21054028790593904,1.0330919217251742,21.70103107774351,False,True,False,117.0,True,1
383,fragile,0.24995751793383764,0.18678193039433244,0.17843763107901112,2.8726974769600715,436.0821410136512,True,False,False,,False,1
384,hazardous,0.22860855064121904,0.30563183712832964,0.10851035152340903,2.508462030903198,264.3915604570335,False,False,True,,True,3
385,cold_storage,0.34265008629358196,0.20931239414834868,0.11486961198513022,9.29305569576877,181.87609715570156,False,True,False,318.0,True,3
386,cold_storage,0.20987053404604158,0.38575327225093187,0.1628969386453302,9.633957303822056,125.66649873520791,False,True,False,233.0,True,1
387,normal,0.28978306687425875,0.312791639924753,0.21333918397821566,8.569703040249554,70.93314692890135,False,False,False,,True,3
388,normal,0.2995189518865486,0.35112185290417847,0.12799011884703945,9.890540600183979,75.17472130848834,False,False,False,,True,3
389,cold_storage,0.42363696837646514,0.26917189963712757,0.11953715747160949,2.705368041749367,33.68328438182692,False,True,False,339.0,True,3
390,cold_storage,0.4864575190743997,0.27934060986179193,0.2547109832262645,0.7814437599790686,69.19886515318352,False,True,False,260.0,True,2
391,high_value,0.26844151695626495,0.3106075449900968,0.1750853991983055,2.2645095360063094,3136.4380454497305,True,False,False,,False,1
392,normal,0.3140218140610176,0.354433480826938,0.15907589614101525,2.8412729224155173,16.615601535017937,False,False,False,,True,2
393,normal,0.24626628915965554,0.3423354309557234,0.2267801763926102,7.526725245277649,38.50104058133826,False,False,False,,True,1
394,cold_storage,0.22745612860887174,0.3885920454684905,0.18894717299925906,7.732791666409232,38.40165454038426,False,True,False,74.0,True,1
395,normal,0.3292938547928117,0.3113970064442456,0.2024881696820917,1.481282809745431,18.065695776434875,False,False,False,,True,3
396,hazardous,0.22791927813796226,0.3196087595588546,0.16488606611448253,4.159760215261845,108.79878485000667,False,False,True,,True,2
397,hazardous,0.43375073168732114,0.34496876880695826,0.2119073091524952,9.930936901216537,95.54048049769784,False,False,True,,True,3
398,normal,0.2508748770176977,0.27614640469774865,0.12776801179188335,3.360747021063153,54.38115479897063,False,False,False,,True,1
399,cold_storage,0.2501622202277398,0.25519237432048075,0.15995045078431264,7.9353329295721124,85.00248421211505,False,True,False,156.0,True,3
400,cold_storage,0.3875101063306684,0.31876127960781575,0.1391096449760521,1.516237492018569,74.83843923522625,False,True,False,232.0,True,2
401,normal,0.45248401601655525,0.2759779912294097,0.27243966211310283,4.682117754071906,48.7554598852455,False,False,False,,True,3
402,hazardous,0.49226761295138205,0.22722489431565296,0.16413303107501753,9.499149759153104,84.22990194955936,False,False,True,,True,2
403,fragile,0.15329118139574222,0.1796479165088016,0.13191376648206127,3.700884390661814,334.8061078857875,True,False,False,,False,1
404,cold_storage,0.49032892564508157,0.35639487392071534,0.1651772474885811,3.1628513914100664,161.45597570187093,False,True,False,216.0,True,1
405,normal,0.4796201457765337,0.23996000974212145,0.299452985146089,2.209308519782647,79.08561169735285,False,False,False,,True,1
406,hazardous,0.4859013834458888,0.2923244445666297,0.2416734102512127,4.665322065934632,108.65942615602974,False,False,True,,True,3
407,normal,0.2207476015812879,0.369557586007799,0.2590091249482953,6.893287697757635,22.52612104267063,False,False,False,,True,2
408,normal,0.27260635030123964,0.33173259370646363,0.24304727825988523,7.996229250590598,16.65686220240596,False,False,False,,True,3
409,hazardous,0.34377040993178787,0.28016101946587474,0.2013225286059018,9.24372575254381,216.76139379248906,False,False,True,,True,3
410,normal,0.2110295492203256,0.39368560814787373,0.24032685741111862,8.216821268950454,63.44379490193898,False,False,False,,True,1
411,normal,0.23281082757328608,0.24964619376898056,0.23293877743930938,2.0802156861610595,65.14101120819674,False,False,False,,True,3
412,high_value,0.49508246178559484,0.33549437917283714,0.17992354924501647,7.650486388431255,4845.725499712227,True,False,False,,False,1
413,high_value,0.3291366631670547,0.202109554556916,0.1517476740807311,5.3514242849879246,2834.5899508220728,True,False,False,,False,1
414,fragile,0.2741554886572013,0.2150470796540852,0.14457785515049068,2.016557426519764,397.55400460809443,True,False,False,,False,1
415,fragile,0.2765769869620442,0.20009315632394692,0.13449673875995183,0.2203569998262697,97.04721110272776,True,False,False,,False,1
416,normal,0.3247926285577138,0.3923455731359941,0.12321386759179494,9.436423502388834,22.750765914839345,False,False,False,,True,2
417,normal,0.30292000425308785,0.3568539995057394,0.20422296596009432,3.808852818038642,18.7860728013138,False,False,False,,True,3
418,normal,0.40902897965709983,0.2637818948435401,0.16005281663638807,8.196766400727633,20.357674002890732,False,False,False,,True,2
419,cold_storage,0.3943909751833141,0.3354278665781768,0.13287081857014066,9.84705447058864,63.90433037935868,False,True,False,119.0,True,3
420,cold_storage,0.2480407133646078,0.31196979049797263,0.29169252434678994,2.7026277004083985,92.90853853044551,False,True,False,124.0,True,1
421,cold_storage,0.3921436629980234,0.2864268904858565,0.10583845486847812,6.334015905033238,55.51839844080434,False,True,False,333.0,True,2
422,cold_storage,0.31665073410671213,0.34094712319194687,0.1411568958734644,7.647092205924671,165.57136195362693,False,True,False,62.0,True,3
423,normal,0.23052561461814272,0.37439586600197705,0.13739196712641868,3.5968566601887755,51.17953799855669,False,False,False,,True,2
424,normal,0.4012104284673256,0.29789679576116057,0.2931832799898216,3.4773390454890047,44.977533482147436,False,False,False,,True,2
425,normal,0.3761014143695654,0.2695849274873509,0.2691035605339118,6.364945453696037,83.23644288348405,False,False,False,,True,3
426,fragile,0.34018401495541223,0.2837365159608193,0.1590168364977479,3.3933394004132156,190.93358518956407,True,False,False,,False,1
427,normal,0.2715718179316372,0.2233897807941504,0.17466121419286212,1.8429061610462976,44.96169423789918,False,False,False,,True,3
428,hazardous,0.24136018956036726,0.2767419925675374,0.13715073985855314,6.537265599557035,217.22689016292594,False,False,True,,True,3
429,normal,0.47920848131157356,0.23464696042971697,0.1333731047654778,3.243930353468784,26.838872196616236,False,False,False,,True,2
430,normal,0.3858229936367525,0.37310444617128247,0.2903683900975934,5.103784734733996,27.561564247082426,False,False,False,,True,2
431,normal,0.48914872682448196,0.3010876039461341,0.19899396957328072,7.0046183703198714,47.40673917467007,False,False,False,,True,2
432,cold_storage,0.34660985358190566,0.2165341251572934,0.10617214112860096,7.730037876181529,72.5761837205672,False,True,False,170.0,True,1
433,fragile,0.2612825854614459,0.13364179548731475,0.14573213872734492,3.738339434455957,394.6637997246608,True,False,False,,False,1
434,normal,0.3649178553614154,0.22264219905840466,0.12284133027179377,7.863573764707957,84.095452719781,False,False,False,,True,2
435,normal,0.362613013735289,0.3513572484874882,0.25200082617846165,4.692982507425219,29.66877415090661,False,False,False,,True,2
436,cold_storage,0.2307249316632495,0.36601414330850796,0.2502690989487344,3.3282348834774895,199.8762804702034,False,True,False,260.0,True,2
437,normal,0.30457309304669417,0.3633457170232877,0.1878139806766666,9.942598001026862,79.80684848926963,False,False,False,,True,1
438,cold_storage,0.26296345027693224,0.3475225964008628,0.23782671742235248,8.679962614567298,129.84712447150582,False,True,False,249.0,True,1
439,cold_storage,0.3848453599346465,0.356969861994117,0.2627059730990867,8.151684687017644,122.6133820648997,False,True,False,302.0,True,2
440,normal,0.37905730576537966,0.23367547292061688,0.2958000312805977,3.2800296302785408,61.54620218322333,False,False,False,,True,3
441,normal,0.4956464906785383,0.335859863184662,0.11904503276286856,9.646333952441024,80.71219434621676,False,False,False,,True,1
442,high_value,0.4977458676934023,0.3734095180867557,0.12537763372276206,8.72774855241599,1623.547588721629,True,False,False,,False,1
443,normal,0.41341845465175076,0.36569636053972654,0.2522947174959714,6.924228260149487,54.0512853324074,False,False,False,,True,3
444,normal,0.38972059473853665,0.3255625641557948,0.1750344655692454,1.217404596652565,81.51387676008981,False,False,False,,True,1
445,cold_storage,0.3208552319905463,0.349960476574638,0.2389407231455089,8.83451488991213,101.84521683339575,False,True,False,279.0,True,2
446,hazardous,0.37458666340069413,0.3737815525742401,0.2694334652017415,1.3848457518507038,292.48057882324827,False,False,True,,True,3
447,high_value,0.39924314624955276,0.2716445458681975,0.11266613721203494,5.577032411681866,1480.2347075684265,True,False,False,,False,1
448,cold_storage,0.32889293020557087,0.24237029328154766,0.1537073676628845,8.369264361963676,80.79592793074173,False,True,False,325.0,True,1
449,normal,0.3698426332751421,0.29706758080170104,0.16874792411052383,6.984243297885456,14.356833503655064,False,False,False,,True,1
450,normal,0.3878538566467682,0.367340435772511,0.10325627047454888,9.329612315801457,24.218516347674537,False,False,False,,True,2
451,cold_storage,0.20020277945363127,0.39160635386079445,0.14046364127947994,7.041622878159348,43.74435572912243,False,True,False,362.0,True,2
452,fragile,0.14769323887174582,0.28654511254518483,0.12740194580952824,3.3074810256520912,162.67517534709899,True,False,False,,False,1
453,normal,0.31155313029402976,0.3807600537671316,0.13310501583186876,4.265244885856216,37.49583203598076,False,False,False,,True,3
454,hazardous,0.4265696471202608,0.2858461881510693,0.11823983744337863,1.4042449408048376,87.62371777547753,False,False,True,,True,1
455,normal,0.23980993761199598,0.24523817229188122,0.2359965450243158,0.5882260022803716,72.60373965592439,False,False,False,,True,1
456,normal,0.4964464728392816,0.284462786755012,0.12643503021851216,1.172868901304865,44.47629331081954,False,False,False,,True,3
457,normal,0.44178705014830943,0.22064030664168519,0.17351233792452364,3.342925610413613,44.44489448973121,False,False,False,,True,1
458,normal,0.3924728445550951,0.33542741558380884,0.11368232150451581,5.8512665374615045,64.92873153464362,False,False,False,,True,1
459,normal,0.3320298262339556,0.34448640527286445,0.2256160076681805,1.9380542430206693,47.053890492371025,False,False,False,,True,3
460,normal,0.33271516083172525,0.2434489355782986,0.2793185891217963,1.8301248449700591,21.08415002421775,False,False,False,,True,3
461,normal,0.3152095728029362,0.39264974211065284,0.16290073363643387,1.82838679368772,34.92708912503608,False,False,False,,True,1
462,fragile,0.17445010815574968,0.22019981235266903,0.17211796388595782,1.4961119690310305,473.57566029365535,True,False,False,,False,1
463,cold_storage,0.20804732184385977,0.3694140041744789,0.275165437611415,2.4517343224481984,129.24683654095276,False,True,False,126.0,True,3
464,fragile,0.2175253047694461,0.2292339549281733,0.17838015995764178,3.9895123554609,157.70348439141713,True,False,False,,False,1
465,high_value,0.31576567242907805,0.24821635112104198,0.22761646597672963,1.174614016106141,4499.260376391085,True,False,False,,False,1
466,normal,0.20362010371733277,0.2722196414082116,0.16329453011152578,4.174963363839186,85.50759726132627,False,False,False,,True,2
467,normal,0.3096237388544296,0.3365884098004852,0.25254518757911715,9.56730334743842,79.33303443021525,False,False,False,,True,1
468,hazardous,0.37620904907777736,0.20275868514505815,0.14314858770344682,9.264503244865343,286.14359917572364,False,False,True,,True,2
469,normal,0.3519831812824781,0.32571413921211523,0.200209793101415,4.446603946566318,73.16295747611647,False,False,False,,True,1
470,high_value,0.39216118649370557,0.30753107162721016,0.13053608876089412,1.294172200889255,855.5970288878017,True,False,False,,False,1
471,normal,0.4762774576318208,0.3948626768709125,0.13107542624531712,3.604127814709762,62.77934467111887,False,False,False,,True,3
472,high_value,0.4043167054127631,0.21322301672424301,0.23973517632109825,7.434604585599644,4309.1065181334925,True,False,False,,False,1
473,normal,0.21737178320693915,0.21724255967829786,0.1868967177212038,4.807032501822856,64.79491639846992,False,False,False,,True,2
474,hazardous,0.39982387365779315,0.33161047211387484,0.1351291807285592,0.6203172298152424,67.04718529734683,False,False,True,,True,1
475,fragile,0.14914978928062228,0.29060324035093954,0.15230053627284085,3.936636797564355,374.34448314205656,True,False,False,,False,1
476,high_value,0.25008888625771425,0.22538612149622497,0.2562247959873975,3.0532626208878337,4488.866418832951,True,False,False,,False,1
477,normal,0.4314290871468874,0.2058712502345607,0.261421569331474,3.0838156527028606,15.748479021083327,False,False,False,,True,3
478,fragile,0.39251517633345356,0.22550656657974424,0.14961475689351394,2.6028312091872623,74.94759987908972,True,False,False,,False,1
479,high_value,0.4578079348062414,0.2333762785310861,0.1314619962202252,7.846625055950854,4524.20789064918,True,False,False,,False,1
480,fragile,0.30223612946892914,0.12306672070682707,0.1740779962456412,0.11258567955930292,436.410054104908,True,False,False,,False,1
481,fragile,0.10368642191116091,0.10919630597794738,0.1363976496331241,4.609110071773937,130.53242019580324,True,False,False,,False,1
482,cold_storage,0.48810264361832706,0.20707271479497072,0.2606230972915108,7.283197615566293,138.02659299587066,False,True,False,144.0,True,2
483,normal,0.27447895500717295,0.38317095297617904,0.16398702751287514,8.346971457749062,61.43823663557123,False,False,False,,True,1
484,fragile,0.25061228276787484,0.28038820185165425,0.11793443502723057,4.041256295347908,491.63623877367274,True,False,False,,False,1
485,fragile,0.38622382223812834,0.11378528755454903,0.14650941779168863,1.4833036660424221,430.1809269175976,True,False,False,,False,1
486,hazardous,0.2981902765178357,0.31061827906481354,0.10159383471149111,2.40637595780308,182.22782002253047,False,False,True,,True,2
487,normal,0.4218727960200254,0.24851679871071383,0.17365472553922373,9.732648578933823,99.8008404637515,False,False,False,,True,1
488,normal,0.41973900102177997,0.30931184852195115,0.25919470823575086,1.9303805795355873,93.91577792840637,False,False,False,,True,1
489,high_value,0.2698993225579229,0.26928473954788124,0.26791480137923473,8.833386835389962,4779.456179645495,True,False,False,,False,1
490,hazardous,0.20043861216067332,0.3314607700351996,0.26980119755578436,7.408542870889239,58.0662352249211,False,False,True,,True,3
491,normal,0.4949347225684693,0.28396316840056907,0.2922370121775494,9.739312741690226,22.813613668447154,False,False,False,,True,2
492,fragile,0.1279079915074265,0.2842548805944213,0.18972874719314592,2.6468201706109817,365.3811093644058,True,False,False,,False,1
493,normal,0.31174759222222426,0.39491095803365023,0.11698048350329791,1.4079815507051627,22.016246522586126,False,False,False,,True,2
494,normal,0.22244914529896326,0.3135641456578417,0.18699657568699707,9.660073609961037,31.309456126770684,False,False,False,,True,2
495,normal,0.4552741117365857,0.38520839035632737,0.178590534181484,8.403048429532738,39.36264119018014,False,False,False,,True,2
496,normal,0.28158676154973633,0.21493748716049596,0.14054252525584673,7.9094013334541975,62.6237232223716,False,False,False,,True,1
497,fragile,0.13169732503080736,0.18991334954806433,0.1314033287812118,0.6916100116523374,211.22935067181007,True,False,False,,False,1
498,normal,0.4311010246149515,0.29038341538355905,0.19266931901128279,8.598580763780912,18.13787992436724,False,False,False,,True,3
499,high_value,0.29126449486550693,0.3409409607900351,0.22066049730826884,2.542697500000038,4354.579720460411,True,False,False,,False,1
500,high_value,0.24449713921072982,0.34223147965702233,0.2936800008352738,4.2643223954578255,720.2777791569024,True,False,False,,False,1
501,cold_storage,0.28965221329070656,0.3640179231623957,0.13477354650360657,9.544917764825568,173.82823483196057,False,True,False,314.0,True,3
502,fragile,0.2650362676006242,0.11894505539840944,0.11019073486618455,3.989667739607289,104.65396497682192,True,False,False,,False,1
503,normal,0.2185007553481437,0.35619199869419227,0.1444576265375543,2.3822638342149363,46.05236287043673,False,False,False,,True,3
504,cold_storage,0.38908926458114734,0.3289370031417004,0.21646476028281264,2.9587961972919956,166.2944764904506,False,True,False,41.0,True,1
505,cold_storage,0.25932510100862993,0.3291973791173567,0.26185973305820154,1.3737970672416737,172.5095782375642,False,True,False,199.0,True,1
506,normal,0.21280889572712924,0.29219898440038816,0.1335978417458113,5.951899898163866,83.95168613790554,False,False,False,,True,2
507,hazardous,0.3488379173639766,0.27654588771345157,0.18533280368567584,3.8624609003946397,275.24213828541934,False,False,True,,True,2
508,cold_storage,0.28395636628421717,0.37668475977872523,0.10692988874630119,6.38217721403601,64.24126026414419,False,True,False,181.0,True,2
509,hazardous,0.32359766188884953,0.3101377330407961,0.11219581378656857,3.157871880670228,67.0537246256575,False,False,True,,True,1
510,cold_storage,0.3927957576915305,0.3594395883766026,0.1498295510273492,9.943829135005151,117.8582029273534,False,True,False,39.0,True,2
511,fragile,0.33457473005362753,0.17182242196751302,0.15445178060340517,2.474929478658491,460.70465746926516,True,False,False,,False,1
512,normal,0.35071797666312254,0.2776762549138601,0.13596317473957384,3.5293368896291057,29.711816926578507,False,False,False,,True,2
513,hazardous,0.21757736908343556,0.3983062646861142,0.20588645839308634,7.785000600277592,299.89355163906345,False,False,True,,True,1
514,hazardous,0.23004030119148727,0.33137288427524686,0.1533054002131366,8.25470903528298,277.66006029401893,False,False,True,,True,1
515,normal,0.4292149171152533,0.389560495643931,0.2151384217239992,9.83531403970131,44.95802694508743,False,False,False,,True,1
516,normal,0.25283011027399704,0.3185039018362826,0.26124204507187765,7.127452354196009,92.2582003715681,False,False,False,,True,1
517,normal,0.41103586487597404,0.27033642969661764,0.2135302730852462,1.849971758943307,95.35316554413012,False,False,False,,True,2
518,cold_storage,0.362637380456298,0.23511135353213017,0.10759274824001995,1.0335957796120783,128.29930156011588,False,True,False,40.0,True,3
519,high_value,0.3433966964498538,0.2663467987148407,0.22282695353249365,8.161231426445028,2033.4156992004762,True,False,False,,False,1
520,normal,0.25323796179618113,0.36048488891763103,0.27364341962872263,1.0657816470278236,23.29408170875032,False,False,False,,True,3
521,fragile,0.3751672442443357,0.2548732997639784,0.18464808875791347,4.317280386298599,482.25143762409107,True,False,False,,False,1
522,normal,0.312077234025012,0.38838464269360834,0.17911911247077086,1.45980561671652,37.158863835292216,False,False,False,,True,1
523,high_value,0.49275820141472787,0.3464704050849282,0.18737367658591647,6.573026918815747,2692.4000860848364,True,False,False,,False,1
524,cold_storage,0.2951850179751277,0.34143658424726564,0.21239546193713008,8.951202059716206,130.46761752410623,False,True,False,212.0,True,1
525,cold_storage,0.39965950084243,0.3628908472885961,0.17567682162943962,7.472952246969455,73.0131076494061,False,True,False,120.0,True,3
526,normal,0.20053937200185976,0.3404016896317872,0.2145669585341236,8.58219117258258,79.37473533203121,False,False,False,,True,3
527,normal,0.20971482287812623,0.32047773349019426,0.28420764328361586,9.691551013351388,29.880572539331087,False,False,False,,True,3
528,normal,0.2312330699041958,0.299237011582618,0.16623368523321053,1.2391630654108619,41.21291122149056,False,False,False,,True,2
529,normal,0.25036622502547523,0.3770640506790275,0.11774520251402527,7.235175224879632,67.51924191143911,False,False,False,,True,2
530,hazardous,0.33398898022933815,0.25304248811257524,0.14990817262705575,1.144050410610221,99.297644216533,False,False,True,,True,1
531,cold_storage,0.4161240763990905,0.20962949154665633,0.18764402826515508,4.48670567725947,49.94091972127078,False,True,False,241.0,True,2
532,high_value,0.46453119750033145,0.270246233859694,0.1750695140681096,8.373666286879388,4049.284975142987,True,False,False,,False,1
533,high_value,0.3734166472799395,0.3516487087118036,0.1451165455023296,4.787230481954211,4096.375545903527,True,False,False,,False,1
534,fragile,0.11002383596057136,0.10401559966611401,0.1261127709982262,0.6131527376441801,203.8136905174504,True,False,False,,False,1
535,cold_storage,0.46637938032029097,0.23218089898226424,0.11500048420883156,9.447424363584664,196.04747412174078,False,True,False,203.0,True,3
536,hazardous,0.49558283004234294,0.37864523452928184,0.2409009293183583,4.597571674385677,206.48149732164472,False,False,True,,True,3
537,cold_storage,0.4669259811212131,0.2314207554661568,0.12025156219466714,2.4527295288204027,54.19716636590938,False,True,False,313.0,True,3
538,normal,0.47767208009207396,0.30802508632133124,0.2321195785425947,3.3253061529748784,18.632432926201744,False,False,False,,True,2
539,normal,0.3715309423573225,0.3679709009691302,0.13071798690334685,3.927874751659094,48.48453617011422,False,False,False,,True,2
540,normal,0.44716919212494843,0.32501819074186017,0.19606567949008166,1.4213755260742387,28.625768463126548,False,False,False,,True,3
541,high_value,0.28754343981383224,0.2163872189425985,0.2687538148693873,3.4293573011184293,2288.603068286553,True,False,False,,False,1
542,fragile,0.24672904363619722,0.232208010949201,0.10911368775506793,2.7662175431764338,133.19654924392125,True,False,False,,False,1
543,normal,0.46564780782486165,0.27388033298638903,0.1891550541588916,3.0013116834874003,51.85521605391855,False,False,False,,True,1
544,cold_storage,0.45112362564033714,0.31284931758290435,0.13022613488470783,7.116474034942317,37.40647178461637,False,True,False,206.0,True,3
545,fragile,0.22419599586137878,0.25129137723107103,0.1227512758624568,0.39882035568286534,224.1977435967501,True,False,False,,False,1
546,normal,0.35677468199722184,0.3931255408160603,0.23741358647777736,9.395433638325569,61.54428615680968,False,False,False,,True,1
547,normal,0.3428786843244406,0.21579100995481665,0.2805554402678308,7.285904141738419,55.18913232840443,False,False,False,,True,3
548,cold_storage,0.4401351010162057,0.33550697711520605,0.2240546228698606,1.6426778101766162,156.29397601505482,False,True,False,118.0,True,1
549,fragile,0.3916494635013271,0.2616921442638726,0.11261859986385397,2.1745370066464376,494.72597135161203,True,False,False,,False,1
550,cold_storage,0.3306179736597522,0.3994538453557551,0.22544524244647957,8.42402712742204,66.41954479779977,False,True,False,64.0,True,1
551,fragile,0.21642974590442524,0.1794709988714072,0.13261268053697362,1.453384017545522,256.17073150517683,True,False,False,,False,1
552,hazardous,0.4620398760118271,0.3573101277655544,0.22461158571776163,5.464339099273188,143.29033524081174,False,False,True,,True,2
553,fragile,0.14489269587740244,0.21331878541102128,0.15826770868776543,4.8276751570722825,95.09179902238898,True,False,False,,False,1
554,fragile,0.13169044605497365,0.2559089393928504,0.17857456303096775,4.350628812049359,446.06110308126455,True,False,False,,False,1
555,hazardous,0.4633680688088164,0.25282732603407426,0.23095753414270995,5.934220778086337,157.72258631971278,False,False,True,,True,1
556,normal,0.2826242426104261,0.22877053412533477,0.2217310528171254,7.089781905087374,13.490427923361558,False,False,False,,True,2
557,normal,0.40715412625129366,0.20985819510482226,0.19504363823061432,3.051551371975227,43.519662632204295,False,False,False,,True,2
558,normal,0.44521577759158326,0.26061099068961935,0.15606933063692832,5.170382526913512,72.65645602074773,False,False,False,,True,1
559,cold_storage,0.4917489928057045,0.24559148272035347,0.16009608950349602,7.565374595743051,159.32556203490643,False,True,False,194.0,True,2
560,fragile,0.31863982398086654,0.22099582649105015,0.10892868503029324,2.2644113304899145,461.04476243843317,True,False,False,,False,1
561,cold_storage,0.3221511082521337,0.2968920659415324,0.20330028365133546,4.05214699208487,30.117047673080457,False,True,False,111.0,True,1
562,normal,0.29333692798667266,0.3013590550473111,0.12712996420341197,8.587305739378326,89.13993322238704,False,False,False,,True,1
563,normal,0.25212120680383615,0.3750361112250834,0.14014535522010427,1.047461400703769,12.976394005718674,False,False,False,,True,1
564,normal,0.4754093208023349,0.3409267890440073,0.15479549969487177,8.323309771046603,55.46137374434475,False,False,False,,True,3
565,normal,0.47692207051189134,0.33623487208867553,0.14838761891792232,5.143474021132395,50.14930893467763,False,False,False,,True,2
566,fragile,0.2760640745267281,0.1699519803289309,0.1163513614517851,4.483010409529757,387.03251051821996,True,False,False,,False,1
567,normal,0.4066551612847863,0.2570138752869524,0.17731313414819694,2.0476203531868946,61.50322549182707,False,False,False,,True,1
568,normal,0.4571333562314907,0.3294759783522964,0.23553904921819416,3.0562940030550925,46.85564768459879,False,False,False,,True,1
569,hazardous,0.45938897903331444,0.39342767114575616,0.2364399463070899,5.003923462028776,65.72480451159416,False,False,True,,True,1
570,normal,0.38034258514836017,0.20169274542297427,0.1504780882721303,8.14831290735712,37.491372854610105,False,False,False,,True,3
571,fragile,0.29282209338704923,0.1847613601319238,0.1376475452271001,1.8086750764331987,163.39941917504422,True,False,False,,False,1
572,cold_storage,0.34000940464916474,0.33543923127746267,0.2648621642941327,4.272949129735142,38.41617853434803,False,True,False,291.0,True,3
573,normal,0.4899456363393752,0.3678756838652935,0.21229142345092017,6.140839154168784,35.44091900335873,False,False,False,,True,3
574,fragile,0.13243135917575305,0.11276741077942198,0.1988360965821767,3.2389142535118136,437.6712201133238,True,False,False,,False,1
575,hazardous,0.27834407237794906,0.3422187551143584,0.2784747595361865,3.3385155632303714,70.48091001562227,False,False,True,,True,1
576,hazardous,0.46990611342364846,0.361085964526706,0.26047274889056227,6.200316360882931,208.34318739390483,False,False,True,,True,3
577,normal,0.2419788525729251,0.20509105422407473,0.19947456568102404,3.3082440157573636,91.62204062693499,False,False,False,,True,2
578,hazardous,0.3164824763016375,0.20706380096528487,0.2416137918751742,5.934403123349991,81.27709331106469,False,False,True,,True,3
579,normal,0.4140107867621553,0.3372636221865343,0.22766271797552265,5.019484416484845,94.66011591604473,False,False,False,,True,2
580,normal,0.35219445668204463,0.3690838488489191,0.26812773891928,8.82670045125005,26.30222720236007,False,False,False,,True,1
581,normal,0.3412342618285361,0.3481837783137737,0.2450373274212239,5.810800733027778,92.13622865435595,False,False,False,,True,3
582,high_value,0.4698773473552595,0.33088692887023063,0.14445070230258017,2.621615291163282,4421.445044740168,True,False,False,,False,1
583,normal,0.32614177045544335,0.3773687099387007,0.17433648595297221,6.062921604465585,51.73845653689839,False,False,False,,True,1
584,normal,0.34116097030120407,0.37327867393850794,0.2167149239485161,9.470859348000731,16.409416366366827,False,False,False,,True,1
585,fragile,0.25014321234781134,0.27349955093964595,0.13816692198055872,1.56194319370557,74.32788678915881,True,False,False,,False,1
586,normal,0.4562719311210031,0.2274730518346248,0.1400593181590287,4.387322544144989,61.246322917610854,False,False,False,,True,2
587,normal,0.24296724568989156,0.37247878866742323,0.13607135382136876,1.2677089358271505,39.936650222487366,False,False,False,,True,1
588,normal,0.29402422152720165,0.2116027176450394,0.19041064571369865,2.4891324991832384,79.61880441885081,False,False,False,,True,3
589,normal,0.4293451208437274,0.2979154181260033,0.2527138334210999,1.3363927657109236,65.30317648525556,False,False,False,,True,3
590,normal,0.32882291690273613,0.28580508972008206,0.19548005518811407,0.544356807011295,58.04043425580324,False,False,False,,True,3
591,normal,0.31193042162821133,0.20281542374492645,0.1644426267696138,8.415672332382357,27.15190389463641,False,False,False,,True,3
592,fragile,0.101237150192306,0.24672064818266498,0.12262657112890835,4.397227162773265,190.4415172190879,True,False,False,,False,1
593,normal,0.23081246700186386,0.30066729573707385,0.16122301841828254,1.1202267134675108,14.114651656435447,False,False,False,,True,2
594,normal,0.33677789359055144,0.3040576824491768,0.20482352873360388,4.61981968533809,71.81021392041829,False,False,False,,True,1
595,hazardous,0.302819851777268,0.3802767552289049,0.17185017727332647,2.2900473219632596,285.9827755008745,False,False,True,,True,2
596,normal,0.20573741993699585,0.24486427266473892,0.2969759048986521,2.5063071770498744,11.97219448590543,False,False,False,,True,3
597,cold_storage,0.25069542256704413,0.27331829027996973,0.23010807602424493,0.8549525630796551,177.77794476790572,False,True,False,160.0,True,3
598,normal,0.3869404331935651,0.3187848135749701,0.10959207514221954,1.5270777770049297,85.25080086124508,False,False,False,,True,1
599,normal,0.4069249245132278,0.28335511303590877,0.1760507525855229,5.699182654924793,52.69567044949635,False,False,False,,True,1
600,normal,0.26164847469745284,0.33714800570951603,0.10186090961265036,4.4982788360552,19.08818624633153,False,False,False,,True,3
601,normal,0.28099314486115673,0.32112686738480084,0.1274327045959618,8.391200844473452,19.442281321008725,False,False,False,,True,3
602,normal,0.3853093865165142,0.25654135363401853,0.256952013233697,5.22852110033589,64.81016284210565,False,False,False,,True,2
603,normal,0.44944964615213745,0.3946239444638389,0.17158436731016152,4.392684190018746,24.433623876769197,False,False,False,,True,3
604,normal,0.34890641401042777,0.241538796854323,0.2866248689303755,3.6407343538686634,10.246419915165342,False,False,False,,True,3
605,normal,0.22670085185813912,0.22208618348126435,0.21483055303845094,5.193988274163549,95.45014141580045,False,False,False,,True,3
606,normal,0.222514464088299,0.3447152496893562,0.2809558767913164,6.621199519902637,51.10761112704823,False,False,False,,True,2
607,normal,0.2792375068313122,0.21001603916258949,0.2626356827835765,8.804334267040511,86.70238171630386,False,False,False,,True,2
608,normal,0.44047883080713424,0.2625414213925529,0.24770803915843523,1.4024854681405128,78.23836043571144,False,False,False,,True,1
609,fragile,0.10290169831812096,0.1276788885345385,0.16471986261793398,1.7104380477360206,452.53742782005315,True,False,False,,False,1
610,cold_storage,0.48652674694763204,0.25366187971603205,0.24661358906768457,4.039910456107264,81.69009009686482,False,True,False,88.0,True,2
611,normal,0.32007506779352557,0.29130773733829424,0.26714166907327697,7.054073095927984,53.042050987414406,False,False,False,,True,2
612,cold_storage,0.3946539451616791,0.3593819114070814,0.12261131127552923,7.1136137984760515,30.55635121973193,False,True,False,111.0,True,1
613,fragile,0.224808314989269,0.21815006059806769,0.18022647840450962,3.424126367621107,131.56725224178595,True,False,False,,False,1
614,normal,0.3139252337347663,0.2717197829654193,0.10576324591424431,7.0024092671239915,85.46828288924006,False,False,False,,True,1
615,hazardous,0.34492389690964964,0.29762455539843063,0.2775187856127087,4.686534862494,47.10073255475963,False,False,True,,True,3
616,hazardous,0.2942713834621613,0.3409136352961246,0.23558578420403287,7.791522823754148,185.69523219331245,False,False,True,,True,3
617,normal,0.2671954757971217,0.3911522860375708,0.27462871274098843,5.431446950655282,71.94174791166347,False,False,False,,True,3
618,normal,0.22857264153550844,0.3323426525691926,0.14971539897014152,3.784620130846285,70.86660115216971,False,False,False,,True,2
619,cold_storage,0.2445963356771313,0.3652875640367631,0.278412376326012,6.3226831072448055,22.096076129464556,False,True,False,110.0,True,3
620,cold_storage,0.45465367243280025,0.37037423028921324,0.27388312692255357,1.2112198035313555,108.49663300599222,False,True,False,153.0,True,2
621,normal,0.49104351463502005,0.2100701429053088,0.1445413046337598,6.611514490820892,46.29492941155506,False,False,False,,True,1
622,normal,0.22364917872643753,0.2888377752918918,0.2146069861175099,1.3361886861741359,54.861053155631794,False,False,False,,True,2
623,normal,0.23561205561608986,0.2994746696133002,0.23067460062767434,1.4751115540614481,47.11046929079945,False,False,False,,True,3
624,normal,0.36472963690795684,0.36518175168468886,0.2583566570344616,9.650126858660045,67.37843101779978,False,False,False,,True,3
625,fragile,0.26869977162819636,0.23091919671218747,0.14562079232212538,1.770185582193569,421.38994577842834,True,False,False,,False,1
626,normal,0.44497660597320965,0.3688634879208505,0.16639452511094635,7.790455798713123,63.99560364024364,False,False,False,,True,3
627,normal,0.3971501619293419,0.3431827000566311,0.12280467167114767,7.713539535251613,29.957239703817102,False,False,False,,True,2
628,cold_storage,0.3065416935754207,0.32673223609392893,0.2599825431287044,5.703060526094275,87.30026488287217,False,True,False,84.0,True,1
629,normal,0.4690631356034175,0.2984844284362334,0.26436773198374525,7.553853458574499,46.8289681496213,False,False,False,,True,2
630,normal,0.38325552984160516,0.23750868010632067,0.28604325183062906,4.232516654194148,51.134140746369,False,False,False,,True,1
631,cold_storage,0.41503637434080287,0.2215531494574984,0.18289406902566605,9.30295204010445,170.7439227475637,False,True,False,331.0,True,1
632,hazardous,0.43164355209116867,0.29010091939179283,0.23169133900004052,9.583808055444635,66.35172389627084,False,False,True,,True,2
633,fragile,0.10130128830007688,0.24724278606261552,0.15532263289042436,2.220770861284427,313.30432010679976,True,False,False,,False,1
634,fragile,0.37731126213446164,0.2562162994163667,0.19101814864367428,3.489906791857753,128.14262158216977,True,False,False,,False,1
635,normal,0.44457324622954825,0.22071079222471354,0.23150436222634616,6.258527352553685,38.96593857832186,False,False,False,,True,2
636,normal,0.3255994237501191,0.32179873871193865,0.23850310707446135,2.858268496387905,45.80829968097372,False,False,False,,True,2
637,fragile,0.3911474949736302,0.19056914121627333,0.11333718310160935,2.1224528167573347,365.0064282037063,True,False,False,,False,1
638,normal,0.4245280597633748,0.2597826269910849,0.240298862081477,8.676721688227001,74.06869207556305,False,False,False,,True,3
639,normal,0.38977498535217914,0.2401778164650689,0.22483351784107763,3.2605052070528813,41.07642228087229,False,False,False,,True,3
640,normal,0.2398015185773421,0.3420792887361145,0.2950358986233569,2.1892206429465686,58.8242330587512,False,False,False,,True,3
641,normal,0.29671441922415653,0.2230810504567251,0.17044756049257548,5.063514262710955,61.357437482778934,False,False,False,,True,3
642,normal,0.4130370894465102,0.3348486971078347,0.278773200275584,5.5720766351842554,88.97295114589555,False,False,False,,True,2
643,normal,0.4424914337980088,0.3045459972418405,0.10505442825089442,1.8806037605115575,70.32287608902476,False,False,False,,True,1
644,normal,0.28009348083328833,0.35710643851896434,0.2967064787248008,6.9922081223154775,23.178555112662636,False,False,False,,True,1
645,normal,0.40717845510920303,0.2590281131923212,0.250718789609033,0.806910640802108,83.26235957990218,False,False,False,,True,1
646,hazardous,0.384832650128086,0.33510520270391175,0.21237699667340737,2.6309201684066723,204.7222499664355,False,False,True,,True,2
647,fragile,0.17127864176986135,0.2568614345741773,0.17988217524895705,1.5094294070853795,349.0221058662306,True,False,False,,False,1
648,cold_storage,0.4779454433506339,0.2775109297283981,0.29134039400236533,9.7703158595332,76.27771656103414,False,True,False,312.0,True,1
649,cold_storage,0.2038895713023915,0.25026822567446116,0.2241123391223698,7.918786482320911,176.62125661784032,False,True,False,145.0,True,3
650,normal,0.4113887206678363,0.32952647711000016,0.25102154104170993,5.692843798661793,64.30482795597774,False,False,False,,True,3
651,normal,0.4892869469378092,0.25883554436089834,0.13548517969765264,6.985259091164584,26.82789233790913,False,False,False,,True,1
652,fragile,0.3205238458078657,0.1238707622545931,0.10406342329718754,1.4676500069151317,168.907817889228,True,False,False,,False,1
653,fragile,0.1482786549269841,0.26920283921810406,0.10056451360178202,2.385023557226938,471.8725027118814,True,False,False,,False,1
654,cold_storage,0.21198217679642897,0.38572564769183104,0.21937606640287552,7.849779023659435,132.565999260616,False,True,False,184.0,True,2
655,normal,0.43697245472522894,0.3100320359439933,0.11457615909581101,7.222974833247516,57.285556046639236,False,False,False,,True,1
656,normal,0.35618188619951113,0.35725164786747154,0.13187409850348716,5.65926147328199,46.30753597822114,False,False,False,,True,2
657,normal,0.26635942433043586,0.2426707620372392,0.1663767029807963,3.9275793342959604,29.660075720606326,False,False,False,,True,3
658,normal,0.3591496686820474,0.39932621652086775,0.2647376801850404,9.820765377345317,10.792332666553367,False,False,False,,True,3
659,fragile,0.20380218724683058,0.14806957528665132,0.16422643558211708,4.601175766017625,159.72222374009763,True,False,False,,False,1
660,fragile,0.11196317452762579,0.277132031799759,0.13813726076180669,4.001412269699869,101.01831237706665,True,False,False,,False,1
661,normal,0.27697716699593655,0.34479512167398485,0.10494114594360578,5.410244314447314,79.34448900629747,False,False,False,,True,3
662,high_value,0.44084502125248815,0.2891113795143436,0.10877033218210036,9.033675284605605,1366.305745701547,True,False,False,,False,1
663,fragile,0.2541684100382301,0.28964236392968357,0.1167394809213495,4.785753411719655,292.08867393391296,True,False,False,,False,1
664,normal,0.20219917586505354,0.213094364420744,0.23406702522861134,7.849031530508128,87.84557701413681,False,False,False,,True,2
665,normal,0.45069952332361074,0.24111591359638307,0.2657497341971738,8.847053701237792,76.72375313765262,False,False,False,,True,2
666,normal,0.3939683477955036,0.3879502223016627,0.24937816513485242,1.9606684835676325,51.33027117340375,False,False,False,,True,2
667,normal,0.21136589442384446,0.21464960583190332,0.13559843271108685,2.89312600941807,16.339788300891264,False,False,False,,True,1
668,normal,0.4732959723293363,0.28152655569915863,0.19022513274880834,4.342256196690633,38.47638213277002,False,False,False,,True,2
669,normal,0.4019896196983138,0.30696687401220046,0.22828454929632794,6.374318909650721,78.03645370256596,False,False,False,,True,3
670,normal,0.2136550561358378,0.36965024780122857,0.17154002774960958,5.2769510336837735,36.08529389515721,False,False,False,,True,3
671,normal,0.29040521295346133,0.21730104428755856,0.2530548482040925,4.657923419948137,45.560193240575586,False,False,False,,True,3
672,hazardous,0.20924574540701735,0.23126469482998216,0.14397314509210207,7.594162160265664,245.12801800162228,False,False,True,,True,3
673,normal,0.2884935407939574,0.32680913380395704,0.1596113006432191,8.926292130236362,96.88288540804044,False,False,False,,True,3
674,fragile,0.2943821825976607,0.291478329821624,0.10111502077693059,4.386357945351613,113.61823980104788,True,False,False,,False,1
675,normal,0.21253194214037768,0.31454371898867917,0.17881634017400747,5.701491776826264,17.6614171074495,False,False,False,,True,1
676,high_value,0.42448897601983804,0.3807092751949092,0.16877032996972938,4.420217712249356,3406.6917660203935,True,False,False,,False,1
677,normal,0.35376580836427607,0.232190871512879,0.14415759387148158,8.43010948524659,27.48935938116929,False,False,False,,True,1
678,normal,0.4012933734051735,0.3134585288945603,0.1108776611855443,7.6348972347193484,99.10687803840767,False,False,False,,True,3
679,high_value,0.33837956110687817,0.3099329219358334,0.15813053350401707,1.139946195345613,941.9108062116738,True,False,False,,False,1
680,hazardous,0.4176767772002421,0.2974380820267497,0.16617018633654468,1.71804389266154,206.97770478817722,False,False,True,,True,1
681,cold_storage,0.2855411431629563,0.21396177694219143,0.1386997138228803,5.1156816876019295,79.10229407952455,False,True,False,186.0,True,3
682,normal,0.37525097985355915,0.313110401581022,0.17289868713572584,3.505165015215127,48.5476653663632,False,False,False,,True,1
683,normal,0.29396443422028823,0.35713202241290465,0.2424398254451397,6.587966171228726,34.901185152008416,False,False,False,,True,2
684,cold_storage,0.24029174971486666,0.3465945591502829,0.2755771659015923,4.897059572718297,84.57348838044742,False,True,False,186.0,True,2
685,hazardous,0.36550154784805916,0.23515403217904507,0.22132553321417225,8.497033455713476,261.8526869501158,False,False,True,,True,1
686,fragile,0.3673891116796837,0.1392863858688394,0.17335446170444474,3.1704325368602997,377.34141524083896,True,False,False,,False,1
687,fragile,0.3676315553902767,0.26991745458122834,0.16316264944612552,4.0819477591757725,310.5053542726524,True,False,False,,False,1
688,normal,0.4307600764707542,0.24255213723525937,0.10733126186071931,2.975855053685296,90.45873410914493,False,False,False,,True,3
689,cold_storage,0.3416311852348778,0.35503944776748564,0.1731637260206019,2.621413152431373,158.98607184088328,False,True,False,178.0,True,1
690,normal,0.33941034265113584,0.30208239866875713,0.17935703152994148,5.270589061831093,69.6410640440827,False,False,False,,True,3
691,normal,0.40524849705214105,0.35144121425470215,0.1280741385314173,2.0126129701873596,60.97215291398812,False,False,False,,True,3
692,normal,0.39782399208589303,0.39354711196750264,0.2471839617669649,5.093282449410594,42.29159849612253,False,False,False,,True,1
693,fragile,0.32844171335021144,0.14634998152086312,0.12643571151005864,1.2466914773714641,350.86352000421533,True,False,False,,False,1
694,normal,0.3553655689382391,0.35829209143109825,0.17761862198959918,9.220068468295878,89.33967831864484,False,False,False,,True,1
695,normal,0.4941769346189307,0.26481422201279553,0.24074725056952445,5.4530425892687315,84.66824400882852,False,False,False,,True,3
696,fragile,0.17899482081524604,0.20887001241767428,0.117384981644645,3.3030090343560334,214.38355009597143,True,False,False,,False,1
697,normal,0.396000963967055,0.36709381353532894,0.20333257951078773,4.0751234199136785,91.65181838021377,False,False,False,,True,3
698,fragile,0.22175266076527092,0.2634473530467144,0.1345032323053938,3.9840215218241473,449.22737458269995,True,False,False,,False,1
699,normal,0.20197930597179453,0.37640684863771245,0.18797974015117558,2.6849122772540013,56.308714582867395,False,False,False,,True,2
700,normal,0.26345513124072645,0.23738113516175352,0.17244458884301822,7.314375730313906,20.649720054118838,False,False,False,,True,1
701,fragile,0.22438410552853189,0.16604495304861017,0.11133386975639809,3.408624188946126,265.5595235140381,True,False,False,,False,1
702,normal,0.3772372696427545,0.3294518468281105,0.18217984143264002,2.8148679205020604,21.509660345418645,False,False,False,,True,3
703,normal,0.2483387421102614,0.325908084977631,0.10783817304789672,5.9365583426894135,15.032080374439975,False,False,False,,True,2
704,normal,0.4767340611965303,0.3033281385276293,0.18109126329326258,9.707815027641093,67.38604360577317,False,False,False,,True,3
705,normal,0.4183922946343088,0.36426066202440055,0.2894507737245388,2.557637469972908,64.58733081333207,False,False,False,,True,2
706,high_value,0.4601907196976283,0.23411335679793926,0.26607271494085616,6.2079677869064005,4075.7723161720305,True,False,False,,False,1
707,normal,0.4461359540391492,0.23637683037401994,0.2319297500115706,3.012946636180252,75.17681182699803,False,False,False,,True,2
708,cold_storage,0.4767055834534842,0.3193066724994719,0.11376857940824894,4.093007845147609,43.79837572233841,False,True,False,38.0,True,1
709,normal,0.3568134029051475,0.3818678446179025,0.23687356623976677,8.351884763097996,64.4959916075086,False,False,False,,True,1
710,cold_storage,0.34276075564684316,0.3229496338960734,0.10780731272362565,7.9467482309683,110.59925746492272,False,True,False,90.0,True,1
711,cold_storage,0.34467228053374427,0.2260657681554329,0.2206949301649421,8.361456897194698,181.4544115125557,False,True,False,362.0,True,2
712,fragile,0.25661326889846625,0.17407549004975603,0.10434382833364815,2.696100942804558,153.26881537057258,True,False,False,,False,1
713,normal,0.44069005880234413,0.35791111703019096,0.17624729923981103,6.095956818341462,76.72546380540206,False,False,False,,True,3
714,normal,0.3728362450697651,0.28509787937087283,0.15090360563567465,7.775659458405318,91.90768210079365,False,False,False,,True,1
715,normal,0.2849800004026868,0.37535326263864494,0.18172934093744303,2.295699630319772,73.82339534854971,False,False,False,,True,1
716,hazardous,0.37339614374013386,0.22356572079623022,0.1014388104901163,6.718188147630375,215.69701892999956,False,False,True,,True,2
717,cold_storage,0.32265352315217954,0.22131664328989176,0.18521431781586395,6.061016756367019,67.03452105742579,False,True,False,304.0,True,2
718,high_value,0.3694010712928565,0.322376135402263,0.298359734834143,4.275814407857008,1416.6214753652116,True,False,False,,False,1
719,normal,0.36563148450208105,0.31151253503928744,0.13574391956659101,5.811391381708218,53.538414186537175,False,False,False,,True,2
720,cold_storage,0.3732953459270812,0.3548388968489984,0.17962595035997395,1.8116509252972133,175.48949479066516,False,True,False,90.0,True,3
721,hazardous,0.2689313913433139,0.35662185206906716,0.28984903568296894,1.4526468667190695,167.2527566414434,False,False,True,,True,2
722,normal,0.44025612000504777,0.3228050734058878,0.236912889341697,0.9945015723035564,45.01933125265927,False,False,False,,True,3
723,normal,0.2015871900417716,0.21821771684774083,0.12906568716715075,9.295686984079566,49.18396910974876,False,False,False,,True,1
724,cold_storage,0.27892759938933753,0.2741670252085324,0.22180577224158543,7.382699777566619,187.52329839170469,False,True,False,235.0,True,3
725,fragile,0.29685256895647694,0.15729384677351388,0.19635298222115083,0.38156886945670576,398.12380350457823,True,False,False,,False,1
726,cold_storage,0.25258133852546955,0.2988736755236567,0.10214207947508579,8.5803925450176,187.53652412223653,False,True,False,295.0,True,2
727,normal,0.25842394836308663,0.3567918890707417,0.20210957007976416,7.135272459692315,65.36709871331945,False,False,False,,True,3
728,cold_storage,0.21081833994330465,0.24785132505747545,0.10005745437092468,1.995725228078713,199.42708588889712,False,True,False,234.0,True,2
729,normal,0.40089861391889253,0.2810901933701041,0.14006207662484452,0.6459819637298025,73.32597319912571,False,False,False,,True,1
730,normal,0.3648777960639308,0.3452277419414592,0.2118227733895316,6.037857944569772,41.27275799733317,False,False,False,,True,2
731,normal,0.2678886538886206,0.39261142789501724,0.19095180173175608,4.337586462211712,10.41863064095136,False,False,False,,True,1
732,cold_storage,0.3221403878321605,0.22129299127851532,0.1144771941053408,3.2953923324471406,190.46278373197927,False,True,False,292.0,True,2
733,cold_storage,0.4628339138729201,0.36262946992127487,0.2149787757547818,7.094822683977351,193.88998201395907,False,True,False,318.0,True,2
734,fragile,0.33099015782015007,0.2514946570093345,0.19612387253016145,2.3483573037372074,257.32419865903046,True,False,False,,False,1
735,normal,0.37604795514499384,0.2054701395064148,0.12325366028818452,1.141765476281909,67.02956178023697,False,False,False,,True,1
736,hazardous,0.40307389281953,0.24598602771783085,0.1631461388057857,9.576734027671922,169.45613864530634,False,False,True,,True,1
737,normal,0.4102455656949663,0.25266993827858214,0.1574579165771744,4.289841047675386,77.39093187374414,False,False,False,,True,2
738,cold_storage,0.22280864616010673,0.38627924796713253,0.1953110908178579,3.858610299053625,180.9769255166372,False,True,False,167.0,True,1
739,normal,0.48413543271904347,0.3366214617047537,0.2819854917975776,5.240493733454989,27.969988518487828,False,False,False,,True,3
740,normal,0.2726169553534891,0.25308107466515695,0.1458415064256885,8.431934560627539,85.27012389655204,False,False,False,,True,2
741,normal,0.24679867054284768,0.22133785802107825,0.28403762590659787,6.9202151863270025,69.7081670488405,False,False,False,,True,3
742,normal,0.201987102845857,0.37141786745410255,0.29159861809352505,8.556100659681668,43.40768818453008,False,False,False,,True,2
743,cold_storage,0.3477021133112636,0.3970722658648897,0.27939995463865896,8.753303938433257,108.34496328917841,False,True,False,291.0,True,2
744,fragile,0.21936384936144826,0.25003387715915615,0.11282459501486136,2.676103674742748,240.429140368432,True,False,False,,False,1
745,normal,0.48189632640950664,0.20651252940665962,0.16945779233234662,8.673801239730544,79.83135674694203,False,False,False,,True,2
746,hazardous,0.4929521585711125,0.3396489136192279,0.192014118009286,7.047500216066664,33.19139422482121,False,False,True,,True,1
747,normal,0.31382840107606697,0.2201495652279797,0.1723204651665361,8.68749922116963,26.843719775756487,False,False,False,,True,2
748,fragile,0.1711417457522636,0.19426907294769108,0.1613084043138448,1.8930283404974415,274.44650747458854,True,False,False,,False,1
749,hazardous,0.2631597446331969,0.3401425253632602,0.17446192557376322,8.616097828787787,105.4999736077847,False,False,True,,True,1
750,fragile,0.27142291545377484,0.295854490363438,0.16860119121414924,4.089534254292858,374.36695673672176,True,False,False,,False,1
751,normal,0.4412262743021663,0.3110680094841402,0.27126174774897605,2.3626005343013663,82.00337124111736,False,False,False,,True,3
752,hazardous,0.24486441717964488,0.36113367231151805,0.13532145533192258,5.246179348062581,298.8016779808924,False,False,True,,True,3
753,fragile,0.25510209247615023,0.2441120659049261,0.17853329366938786,1.5701674925518987,302.96230343227,True,False,False,,False,1
754,normal,0.3703503557615935,0.2796803803726655,0.23810863519212883,1.0703455883781576,83.24362622861617,False,False,False,,True,2
755,normal,0.4516915126812358,0.21926037736215415,0.24891864409246525,2.9678066591109276,42.42759220623599,False,False,False,,True,3
756,cold_storage,0.47955337273333043,0.25154296509048385,0.10396706672275201,1.6517561475586855,176.1263451153446,False,True,False,340.0,True,1
757,fragile,0.27305612692809356,0.22997309662272175,0.15384382544051023,4.898928351875504,178.07392932324905,True,False,False,,False,1
758,fragile,0.1975270860043008,0.2020889051072206,0.17747443671265706,2.2899575737059044,85.28338463218469,True,False,False,,False,1
759,hazardous,0.38409913171795806,0.29275041614728003,0.2913188861978774,8.748447679668423,202.9567762321504,False,False,True,,True,2
760,cold_storage,0.3265449463530036,0.32246202762668963,0.18095454402104133,9.11719398705489,34.24014694362809,False,True,False,205.0,True,1
761,normal,0.2940446190168222,0.33060261948608805,0.24208669702332078,6.251157243729537,45.590979266258536,False,False,False,,True,2
762,normal,0.4342922110769297,0.387753966991849,0.24957909969526496,5.4488890705443715,50.52597908123594,False,False,False,,True,1
763,normal,0.2551658597310152,0.20462021846330153,0.24555448328648088,6.789214204182077,94.6393603604196,False,False,False,,True,3
764,cold_storage,0.4249219210745351,0.2421142982943512,0.17940911666007237,1.4077603303345123,188.6228591066925,False,True,False,272.0,True,3
765,normal,0.21614763146571422,0.35418674110921106,0.20479655826836282,9.962130448154259,19.353556361948726,False,False,False,,True,3
766,fragile,0.14658230860004856,0.23096653510866996,0.18854713170963988,1.6159162023949933,161.3284336918365,True,False,False,,False,1
767,cold_storage,0.2852525840174267,0.32529613692523796,0.12625542212537277,8.465918899482308,25.14283274358432,False,True,False,212.0,True,2
768,hazardous,0.45927234249447596,0.29343869533387057,0.2741796546289088,9.381146930813319,178.10722410759428,False,False,True,,True,1
769,normal,0.49086267936636385,0.33952457538140945,0.1354073279959424,6.177049888947327,66.79427703769537,False,False,False,,True,3
770,cold_storage,0.46318811304267754,0.28699547428408234,0.22795730179477966,5.57094924481051,183.60616730518856,False,True,False,276.0,True,3
771,normal,0.2681385333941305,0.21791080451288866,0.16157363707688946,4.415936153144887,24.01457851619692,False,False,False,,True,1
772,cold_storage,0.20002770391847843,0.36307595783217766,0.2695892976765341,3.7669067138749455,104.45563194392471,False,True,False,34.0,True,3
773,normal,0.4766265187232159,0.3893915023736249,0.19541341409029142,0.5867596959751651,48.73917819423101,False,False,False,,True,2
774,normal,0.37910112566772564,0.35935347677352725,0.20964243914729935,2.2914243035874566,89.39458616413096,False,False,False,,True,2
775,cold_storage,0.318425623886055,0.23265389906605777,0.24742357082067548,4.202371063605361,88.10445084949312,False,True,False,164.0,True,1
776,normal,0.3266718148261078,0.24791236298771213,0.2529076588153229,9.144566832673206,82.6817446384818,False,False,False,,True,3
777,normal,0.28155953500720154,0.3296914081915123,0.2063888532054553,3.053809236158332,26.92005631933646,False,False,False,,True,1
778,cold_storage,0.2547221537007929,0.25791905985825714,0.22737854190966936,6.368429432073896,68.98414348129234,False,True,False,348.0,True,2
779,cold_storage,0.25633683276320335,0.2038790794493993,0.10992641444461973,5.58222215406778,53.468767665474616,False,True,False,82.0,True,2
780,fragile,0.18075853986674367,0.243039188442255,0.1727107070447535,1.2407714399841818,117.80766216386986,True,False,False,,False,1
781,cold_storage,0.3480738659587236,0.2683825707737253,0.1623153370406111,8.094892343392667,199.63342030980792,False,True,False,267.0,True,3
782,fragile,0.3374274142795886,0.16604972940716606,0.18435462992680787,4.763055804489779,75.21725498085176,True,False,False,,False,1
783,normal,0.432695873213757,0.21427693894981137,0.19402935531974394,2.3258267828013013,85.73853591462337,False,False,False,,True,2
784,normal,0.4484756142182994,0.22439231123715417,0.2536291341702379,2.865142424818724,79.4102799724601,False,False,False,,True,2
785,normal,0.27414865733150917,0.3989070818327521,0.13983597526078614,7.4855664024089394,18.456427357364596,False,False,False,,True,3
786,hazardous,0.4946347554216842,0.29456510899830307,0.23628846401157064,3.465038973048663,117.22706089038466,False,False,True,,True,3
787,fragile,0.3184711233724339,0.24894491573783892,0.15495799446174968,0.6984934094640047,266.5533169160336,True,False,False,,False,1
788,normal,0.28964392512751436,0.2720853312127584,0.11041750291534909,6.833600450821133,97.5946654391554,False,False,False,,True,1
789,normal,0.3898726897705234,0.26490269752601936,0.13347207128165722,3.1229504164652537,20.76846328096648,False,False,False,,True,1
790,hazardous,0.20267895676680264,0.2083986738042191,0.2566950480502119,5.015071448235676,190.97731666153538,False,False,True,,True,2
791,normal,0.43123910000058985,0.249744451280979,0.1999838413170003,7.016474115678117,40.457988707545326,False,False,False,,True,3
792,fragile,0.11801570071229742,0.17110353506293133,0.11539184354344617,2.728131296323125,98.32624537216388,True,False,False,,False,1
793,fragile,0.24635286457689398,0.16334791180741146,0.155835044226469,3.25876530042155,206.29298249249467,True,False,False,,False,1
794,fragile,0.36753878542494534,0.24663776635075405,0.10213528326842933,1.951067788563823,375.9796210425308,True,False,False,,False,1
795,normal,0.27520887233018065,0.2078977085430952,0.24132519578561187,5.810735511033152,58.84606691251248,False,False,False,,True,2
796,hazardous,0.25693275086589545,0.23732534578982079,0.16953293580365308,7.457822896165771,104.33760497174185,False,False,True,,True,3
797,hazardous,0.4743422005934138,0.3109040620332113,0.1137753166722319,1.972742041715606,109.83161852689838,False,False,True,,True,2
798,fragile,0.26248178564111746,0.19081579595911474,0.1775917907342509,2.5791928913989177,380.1459836474838,True,False,False,,False,1
799,cold_storage,0.4648797117592093,0.32394692131404473,0.17281503942015256,6.3918744718169584,77.7249369753945,False,True,False,62.0,True,3
800,hazardous,0.4901489471024793,0.36380994675679634,0.13797389048944378,6.9906297342979675,236.748205787661,False,False,True,,True,1
801,cold_storage,0.383911772705158,0.2645200079825588,0.22818078595701463,1.5494092733743394,114.17609705478239,False,True,False,64.0,True,1
802,normal,0.4505580073694874,0.22595485326444922,0.27469855551611444,2.41975077254343,53.68332585130258,False,False,False,,True,1
803,fragile,0.10954514496999719,0.2283503336255245,0.1388598819508562,2.500557225767707,330.78671779924116,True,False,False,,False,1
804,fragile,0.2770902736245212,0.1098171254491121,0.1220722784146321,3.617441453391928,55.88874942507565,True,False,False,,False,1
805,normal,0.4763105628089713,0.3311498723796092,0.2856807438876738,8.404738126394076,52.12532290884699,False,False,False,,True,3
806,cold_storage,0.21821005648581546,0.31160397789400435,0.28764877153997215,4.451555425742654,86.43235715452523,False,True,False,59.0,True,3
807,hazardous,0.27974469034899957,0.20813063045486857,0.11407762592204883,3.3870932142465264,285.04294014195364,False,False,True,,True,3
808,hazardous,0.22913577504729876,0.3450343865618378,0.2063322102804945,2.2998739245134194,172.0718458842982,False,False,True,,True,1
809,normal,0.3710083006888443,0.3895006689114837,0.21168469600259415,5.802345268012982,77.14975386482682,False,False,False,,True,3
810,normal,0.37296909769914305,0.33489851274895754,0.24051008323616138,4.557212407788844,19.36921570459632,False,False,False,,True,1
811,high_value,0.3649896399711605,0.30093855610119236,0.23150637620415754,5.572054531314365,3199.6207907315697,True,False,False,,False,1
812,cold_storage,0.48005599085761025,0.3804969941305444,0.21001626847902383,9.970077984662458,172.07372268221908,False,True,False,241.0,True,3
813,normal,0.32917642181997364,0.34517353672303397,0.2216826740514078,5.849874676640699,29.253532243934835,False,False,False,,True,3
814,hazardous,0.4778440767777972,0.25081782543660486,0.29233035512626687,4.751247995483369,137.21445165613903,False,False,True,,True,3
815,hazardous,0.21039887066846297,0.2568964341219706,0.10326048957945311,1.7833142387674303,270.38763054830764,False,False,True,,True,1
816,fragile,0.19010018851845212,0.14437734069648803,0.18557204255082063,0.20633672014223775,419.8729651012015,True,False,False,,False,1
817,fragile,0.3069157551728281,0.15519142734872113,0.15536631532853207,2.825983118983166,466.6651025952795,True,False,False,,False,1
818,normal,0.24641443586562678,0.20754726001675397,0.17113115065709814,1.8148778380258948,43.03746037234575,False,False,False,,True,3
819,normal,0.2749570717654991,0.25124876769047116,0.1600604863344209,5.91962801514628,61.21584432281079,False,False,False,,True,1
820,normal,0.420279786163274,0.344716105348903,0.258580838862856,2.1425736631350647,84.3134719946397,False,False,False,,True,3
821,cold_storage,0.41085436845473744,0.36390305296727365,0.1190728107023704,6.601418918771564,26.726887312099954,False,True,False,325.0,True,2
822,normal,0.22354321877685618,0.2111845417646639,0.25418030073402764,3.8053369660528653,83.5427530041888,False,False,False,,True,2
823,normal,0.47907382518313324,0.22410810570387021,0.25407801155256876,7.602947244058566,86.45303505813439,False,False,False,,True,1
824,normal,0.39016613090951435,0.32643872407449326,0.11082558975336461,5.481641839379306,38.738488618982394,False,False,False,,True,3
825,fragile,0.14487400575019038,0.20048032208944655,0.12207971748202852,0.3475470893145548,379.21035810422364,True,False,False,,False,1
826,hazardous,0.31786481135571054,0.28912324719554217,0.21902643825896806,5.294928788064331,89.96311960088187,False,False,True,,True,2
827,normal,0.43591048954648315,0.2296024801316694,0.16723363560817406,5.0206192167750405,77.07835342316328,False,False,False,,True,3
828,normal,0.3197573898640826,0.21701579749364708,0.20036462312115894,7.851338797284438,21.733765740565673,False,False,False,,True,1
829,cold_storage,0.3442767505928044,0.23962170554378792,0.17906376071609323,5.927641487590546,121.010169765945,False,True,False,298.0,True,1
830,normal,0.2726945275179535,0.25325141813870056,0.18601314622672144,7.005010737324593,61.84164135205387,False,False,False,,True,1
831,normal,0.40152426603492064,0.28470812047312805,0.16966157136930488,3.5470144471003606,63.44894341369634,False,False,False,,True,1
832,normal,0.43090438761894145,0.23385105280228247,0.16994327994617967,8.305048506010415,82.25164219587228,False,False,False,,True,3
833,normal,0.24374554255708328,0.20897551018627467,0.26363438402636286,2.39700952925468,43.643871128851245,False,False,False,,True,3
834,normal,0.45582924355376014,0.22247434815702086,0.11090760267235085,9.514938692744995,93.40567255981964,False,False,False,,True,2
835,normal,0.20411998780802942,0.33875904501122356,0.12225559846329398,4.7755849210642864,12.04733036360818,False,False,False,,True,1
836,normal,0.4220038955018046,0.24237506270975076,0.20928484279403964,7.628373913148425,59.39200493300236,False,False,False,,True,3
837,hazardous,0.4189770750529367,0.22826948418478837,0.23975104640165057,0.6746908692848925,187.41133469813224,False,False,True,,True,3
838,normal,0.35803972715917676,0.25109126891243405,0.11202200991513363,2.4066125415063695,72.68740196240566,False,False,False,,True,2
839,fragile,0.11592557459688368,0.2309515743630774,0.10083341752484276,2.004361221461198,172.0896705861519,True,False,False,,False,1
840,fragile,0.3556248834271777,0.23202007466587296,0.18642822735599535,0.19348378727755147,440.33469928451655,True,False,False,,False,1
841,normal,0.3948233434256685,0.2462337240275634,0.17614024059256958,9.777813428953614,18.96433406582836,False,False,False,,True,2
842,cold_storage,0.3453986455502497,0.31942128171259265,0.1176041337645313,2.389314400078227,194.02244703797643,False,True,False,317.0,True,3
843,normal,0.20644653746430366,0.24947842794995026,0.20588307277102397,3.6689115289923695,45.405983604454725,False,False,False,,True,1
844,high_value,0.20551166760946787,0.3368622710584299,0.17107562664930667,3.3720990102287023,4981.974850610637,True,False,False,,False,1
845,normal,0.4935763474581796,0.2551756557999445,0.1124019393709188,2.947953964378193,44.8453530679359,False,False,False,,True,1
846,normal,0.4832410094624892,0.38982328367262165,0.14511653952555087,3.7469684520599653,45.35619369986548,False,False,False,,True,1
847,normal,0.22633850514119044,0.2764414243708817,0.2921211386889143,6.318259736826002,66.2972140445344,False,False,False,,True,1
848,high_value,0.32520000094255985,0.3145797105919557,0.185292999402489,3.467636262196944,3224.1599819196854,True,False,False,,False,1
849,fragile,0.23475075559817352,0.12635442645364592,0.16524726460768024,2.947050433253003,357.821886316294,True,False,False,,False,1
850,fragile,0.16069306998533234,0.12762192831784247,0.16885320894802835,4.5033515316743165,459.3032219325276,True,False,False,,False,1
851,normal,0.32901928945411546,0.38180041905608314,0.25400999955110604,6.734201653776947,60.83598585829206,False,False,False,,True,1
852,cold_storage,0.29524886325258176,0.31146805961871377,0.2897203128329523,1.6246792618131976,77.16756605441904,False,True,False,104.0,True,3
853,normal,0.20884500391506033,0.2637374891044675,0.29457920702403806,9.6313637786127,37.30132944785359,False,False,False,,True,3
854,hazardous,0.4801305573173579,0.3788260186267606,0.28665000608316005,3.1010635639994737,240.35912894265405,False,False,True,,True,1
855,normal,0.23946376409697495,0.20523964429266375,0.29719111861583825,6.360991802328786,64.50440601284711,False,False,False,,True,3
856,normal,0.2692734046199039,0.24643650685386714,0.23747557703567218,3.9129826780782375,71.93271562594444,False,False,False,,True,2
857,normal,0.24022598825914693,0.3692276471923467,0.19375269966128336,6.670901254211472,26.55788299956656,False,False,False,,True,2
858,normal,0.3474336791199004,0.22750254446832296,0.13865196589570203,0.806180755656935,78.80849687154112,False,False,False,,True,1
859,fragile,0.3776305249404729,0.29003960849798327,0.12225542123792071,3.389561526793188,141.2751092836221,True,False,False,,False,1
860,normal,0.2613686317193575,0.23541564036474108,0.2909398138308937,4.673209426833134,65.53534250032052,False,False,False,,True,3
861,cold_storage,0.2974686880412137,0.29150898588834245,0.14935676817231727,4.3462342983040205,27.528729509021268,False,True,False,224.0,True,3
862,normal,0.2938692474234492,0.32230097493401044,0.24849357094158894,6.141155113231496,57.27074785326006,False,False,False,,True,3
863,fragile,0.336075958695662,0.20412981824474974,0.1451609592563662,4.152349498130814,69.087162204094,True,False,False,,False,1
864,normal,0.49875091145721445,0.3037405305175024,0.17912223932717836,7.484115774727541,60.19308548320685,False,False,False,,True,3
865,normal,0.4295479617207837,0.3925184623141519,0.13797006799456382,4.675761809806368,89.59578184343779,False,False,False,,True,2
866,fragile,0.23840414918918892,0.18449243649008829,0.16131342792438927,0.3672786673960796,282.6363426197621,True,False,False,,False,1
867,normal,0.2426718856325275,0.3659787008853279,0.19033961756593107,7.365144519181914,20.185442761923554,False,False,False,,True,3
868,normal,0.4813527373097718,0.33922282836795914,0.12706133483807253,4.4288133984273585,50.57972693623669,False,False,False,,True,1
869,hazardous,0.3361042207263011,0.37932350145672916,0.27915898144533036,8.884210249926824,54.34850854815704,False,False,True,,True,2
870,hazardous,0.40751522849927047,0.38143249260108136,0.25929724449514446,7.3245598373263485,63.35693854556704,False,False,True,,True,1
871,normal,0.41186801295593023,0.3268144836469641,0.11706130880686239,7.219151628381238,75.41864522692556,False,False,False,,True,3
872,normal,0.3836217603454453,0.23197993394535577,0.2100691771218285,0.917107792932339,25.37964829879067,False,False,False,,True,2
873,fragile,0.2696474735542508,0.23190606812040876,0.11500897345105118,4.357210833643198,130.4900441029709,True,False,False,,False,1
874,normal,0.4136142463638868,0.28391633824715345,0.16190366108739634,7.801989012428955,50.16324107341653,False,False,False,,True,3
875,normal,0.25420880790998185,0.37970838268335316,0.29208677590318277,0.5335625366443624,78.8856226412951,False,False,False,,True,1
876,normal,0.33759279734856096,0.37108221128380636,0.20870023192086004,0.5546302145410121,89.44326284834752,False,False,False,,True,1
877,cold_storage,0.2650621531654797,0.33189412426309584,0.1907476967724433,4.697815934228499,128.2189819814144,False,True,False,33.0,True,1
878,cold_storage,0.4646503594830817,0.2556225875314564,0.22572708510987258,8.291153217404327,57.37476817373472,False,True,False,124.0,True,1
879,normal,0.21651918140041132,0.2698039666365401,0.1290748832431872,0.8081048714851373,62.028344388464824,False,False,False,,True,3
880,normal,0.2895324639926353,0.38407693965390727,0.10980627254975982,4.461090776625904,26.04235525816805,False,False,False,,True,3
881,normal,0.2853141634414116,0.33218492223547935,0.23996936320508863,5.936684589679703,60.595947772024076,False,False,False,,True,2
882,cold_storage,0.4248004427082083,0.27203772951883054,0.10716800852585776,7.800863838518392,78.10793315129351,False,True,False,224.0,True,1
883,normal,0.42753259635118507,0.3686619260169135,0.1129851733041297,4.9727600200339035,20.982090700535096,False,False,False,,True,2
884,normal,0.2987625580885695,0.2827515818545911,0.14196907385562285,2.48598431285106,15.236612855175139,False,False,False,,True,3
885,cold_storage,0.4189185559288039,0.3257957198157111,0.2974378527517165,5.094798340489747,143.9577700857821,False,True,False,177.0,True,2
886,normal,0.38265338208034183,0.26329771169969446,0.20507824506631894,9.952731187796736,41.84680099367711,False,False,False,,True,1
887,cold_storage,0.38428699425451684,0.29927938508943586,0.24583694879987478,5.228540585777106,165.43646478938535,False,True,False,342.0,True,1
888,normal,0.4125761202510179,0.3958515319132141,0.10031618344516624,0.7278745764226721,66.29146681506879,False,False,False,,True,1
889,normal,0.4212405126871238,0.24146616727048809,0.22306159883586615,4.43900487894856,14.09429706663864,False,False,False,,True,2
890,normal,0.368124651475348,0.32750070871761133,0.10225945359560595,2.411277819835857,35.34640329254847,False,False,False,,True,1
891,cold_storage,0.29233176477316913,0.30133792541920185,0.16478476787661403,0.5582469931352818,143.45044195645244,False,True,False,204.0,True,2
892,hazardous,0.41731899284330354,0.32319866859929686,0.10582347636229213,2.1684763382609784,119.2390046651127,False,False,True,,True,2
893,cold_storage,0.4766839295755467,0.29582165467167354,0.1949000906903362,0.8378033834226137,44.43570127091701,False,True,False,109.0,True,3
894,normal,0.33818538090301675,0.3730448701038473,0.2791857202874268,4.893465716003595,83.27499611121249,False,False,False,,True,3
895,cold_storage,0.21680668555596264,0.30421464487812483,0.21298852819944045,6.942877434173799,119.93189749463934,False,True,False,39.0,True,1
896,normal,0.3732192926529645,0.2663438585393657,0.2832372902155361,8.059936596893948,15.95917371858057,False,False,False,,True,1
897,normal,0.28413800859616506,0.20623463293783728,0.2967237537730347,6.451853052344881,85.81651974422672,False,False,False,,True,3
898,hazardous,0.3817067266767463,0.23747578202961664,0.12336892763464702,7.932267402407764,113.23598325566849,False,False,True,,True,2
899,normal,0.4129520044437681,0.25429948331992264,0.11735955699839358,8.831962959897528,43.44252191984332,False,False,False,,True,2
900,normal,0.26484196377940566,0.2604636597261023,0.1224462544533844,7.956967840755379,80.00113523147148,False,False,False,,True,1
901,normal,0.33313222789614205,0.204986954925992,0.19653263822936384,5.250515930084428,27.119051073569285,False,False,False,,True,2
902,normal,0.41973232002678307,0.30472559230083035,0.25510664183994824,1.8613029555236786,88.46190868945897,False,False,False,,True,3
903,normal,0.4030151866213687,0.22654343128977283,0.24491412645064672,4.863999900833427,74.23096513623683,False,False,False,,True,3
904,fragile,0.1347507961186242,0.16219626357009612,0.10440299636651004,4.25580771872408,442.3437918661844,True,False,False,,False,1
905,normal,0.29998692601965943,0.37783717519959775,0.12062056589212672,7.7787117567684545,77.0999252656346,False,False,False,,True,1
906,hazardous,0.3732679503228377,0.26242857968635985,0.27842711688555133,3.548363513538817,81.9873226983338,False,False,True,,True,2
907,cold_storage,0.3596827417295049,0.3545574194805557,0.23422480839140838,3.0902149633954976,48.34928266148744,False,True,False,88.0,True,1
908,normal,0.4874894163525364,0.3119251527101706,0.12047505856540408,5.654022781759666,59.44290912645788,False,False,False,,True,2
909,normal,0.24246704863744484,0.3408707392275376,0.15665353920174083,2.825838201695027,16.41185840982184,False,False,False,,True,3
910,normal,0.46767293141500405,0.3081154204065318,0.11014523674558699,0.7754305189250996,91.29631668921287,False,False,False,,True,1
911,fragile,0.13177807565838018,0.11075997514444527,0.14264657452100274,0.9770166669258487,318.25461313928776,True,False,False,,False,1
912,normal,0.3778268671694488,0.3672348807604982,0.2398730999914352,6.35499570800685,38.119658603592875,False,False,False,,True,1
913,fragile,0.31386960541844944,0.23417405308678718,0.1533484928895128,4.8710412556055305,390.0843210070783,True,False,False,,False,1
914,normal,0.3397086089129507,0.2263590560747924,0.26257020354621186,9.237045900051998,52.14483148421101,False,False,False,,True,2
915,fragile,0.19311750535177732,0.22888372199269516,0.17664934952959163,2.405674786383671,476.35172159006817,True,False,False,,False,1
916,normal,0.2431165051335758,0.3791401723279686,0.1516105531347716,3.952768781965454,26.501776449123884,False,False,False,,True,3
917,normal,0.2990983868884564,0.37215831858277904,0.16495221771789054,5.131313959416071,15.8828678934283,False,False,False,,True,1
918,hazardous,0.30543224620517806,0.29224833674097994,0.13416030896046366,7.795444390265991,193.198862486803,False,False,True,,True,1
919,cold_storage,0.3523848997867082,0.28113719644777907,0.24285461723321344,1.5163223005515514,120.10697481707672,False,True,False,66.0,True,2
920,normal,0.35982366977849944,0.28016329495688674,0.1826883811333407,6.39831096913714,59.3154115551101,False,False,False,,True,2
921,hazardous,0.3151449376331119,0.26814283163583,0.2627831409783063,6.114216890900661,241.76477368664303,False,False,True,,True,2
922,normal,0.3701633582725974,0.2684401669271691,0.23882663136147605,2.1443118325979733,70.26446764924,False,False,False,,True,3
923,hazardous,0.4792589777229178,0.3148376581620398,0.19732606129992433,6.125549783279874,154.98527726420824,False,False,True,,True,3
924,cold_storage,0.2292961727574983,0.2890432464721412,0.16160714470726764,4.355040123025123,127.68665268699849,False,True,False,335.0,True,2
925,normal,0.29822247287846015,0.3289978230896067,0.11229644431253226,2.567311847670519,22.502506374221575,False,False,False,,True,3
926,normal,0.47097680141401704,0.3272265640047779,0.1000368680910434,1.893890863495865,23.42947885966075,False,False,False,,True,3
927,normal,0.2874509760513514,0.32311443325568945,0.18943195372174176,2.4537859780669917,88.96828173468853,False,False,False,,True,2
928,fragile,0.2710829223566055,0.2826408530467136,0.13045501330383244,4.722333157730957,245.62716501210664,True,False,False,,False,1
929,fragile,0.39477409105401773,0.168852925286128,0.10892874045873208,0.13978433680761332,493.88974182077305,True,False,False,,False,1
930,normal,0.3212592248193251,0.22551113941148695,0.1588369325733342,4.007617488952123,59.399662294320436,False,False,False,,True,1
931,normal,0.2002529942319262,0.31200605157129957,0.2957392459500501,1.5421340106565837,35.398832171493524,False,False,False,,True,1
932,cold_storage,0.2705723511391479,0.3404443764540015,0.1788536647337888,3.5222094413775924,88.90213067148534,False,True,False,225.0,True,2
933,high_value,0.36353563639048353,0.33249751206250505,0.19497428259114752,2.2881549617387726,2230.6777596099264,True,False,False,,False,1
934,fragile,0.3773446128374812,0.26799253734534306,0.11542672908937252,4.987534610751307,351.5297368652904,True,False,False,,False,1
935,normal,0.24028323444337268,0.2143491993075449,0.10314155987500531,7.352722707438785,53.803120324115476,False,False,False,,True,2
936,normal,0.4924925081213213,0.22715514910916007,0.12744405365324452,8.156445338954232,87.41374858500494,False,False,False,,True,3
937,normal,0.3813288538090386,0.2851408341873415,0.13595947541951292,5.339441687086108,59.684502734291755,False,False,False,,True,2
938,hazardous,0.3154144153490079,0.24514818368224955,0.18495437145914623,0.5705849192322472,164.50238018212502,False,False,True,,True,3
939,normal,0.2710249901834056,0.300345760985092,0.18216756273294157,5.688579473460818,43.027302272704006,False,False,False,,True,1
940,fragile,0.27044487331047984,0.24097650851097493,0.11131643696149347,2.45951125258591,360.7237691881388,True,False,False,,False,1
941,normal,0.24262624397170277,0.3462586366033674,0.29671581962607896,9.844849587459347,80.0982835527348,False,False,False,,True,2
942,fragile,0.255084864970076,0.20467135889815607,0.16100706092152473,1.3016333901510588,333.7982820999529,True,False,False,,False,1
943,cold_storage,0.3991210817405828,0.33374342781019495,0.23681480382932374,5.6223735182131325,124.33311921544335,False,True,False,343.0,True,1
944,cold_storage,0.47107558178204184,0.307006652323197,0.10215668003092529,4.81333033271357,183.08991465316586,False,True,False,323.0,True,3
945,normal,0.2994541967384877,0.2705829083332141,0.29555210292074563,3.298870483394565,25.07573465391517,False,False,False,,True,3
946,normal,0.4768593548185449,0.34988505587588375,0.24539434281739822,5.855209596262945,15.527598683811753,False,False,False,,True,2
947,normal,0.37344232611897415,0.31457199909034356,0.2312639772748423,3.2716554826834034,76.36420694134034,False,False,False,,True,1
948,hazardous,0.2860446963118617,0.21650203336301643,0.2011192218614552,8.588729932500025,105.01917517225266,False,False,True,,True,1
949,hazardous,0.38473932805874633,0.2550434229640043,0.15139114411801546,7.54357707544952,193.03181571621997,False,False,True,,True,3
950,fragile,0.3216901700596563,0.2318311280707317,0.13697668299663118,0.9594568884382968,402.1374673794857,True,False,False,,False,1
951,fragile,0.1708587642421987,0.13616183817293048,0.15273888547868614,0.2621435819562908,492.83224596068754,True,False,False,,False,1
952,cold_storage,0.4902036901080688,0.3191088183729974,0.26434475355468734,8.457335086252604,155.49703343842478,False,True,False,241.0,True,2
953,normal,0.2713842317327871,0.2880370016783462,0.22751493329895026,2.5031391008846104,76.09249998453984,False,False,False,,True,2
954,hazardous,0.2162977359643454,0.2528790991835057,0.2639062018930828,0.9989703714266698,155.2840305690549,False,False,True,,True,2
955,normal,0.29041013898610973,0.3492301090780672,0.25048557061323407,5.558947907535601,44.182071473567895,False,False,False,,True,3
956,normal,0.3170211459873384,0.2525250302927939,0.20608842651587386,4.629976131861649,35.99129999764284,False,False,False,,True,2
957,fragile,0.21460122841259854,0.1631377249386351,0.15302534228777612,4.783766664571957,93.81394433208155,True,False,False,,False,1
958,normal,0.3593880056681279,0.27076561891463946,0.26884785656897103,6.299612896303826,68.685933182031,False,False,False,,True,2
959,normal,0.30049022198541336,0.25341756314384395,0.11965535768172729,6.716261174899935,45.203838732091874,False,False,False,,True,3
960,cold_storage,0.424727273527824,0.3468626911519317,0.21774485822096062,2.3517940039898972,80.7331885545646,False,True,False,122.0,True,2
961,normal,0.364283766621153,0.33456037194799804,0.26633789996497625,0.6136334047232808,18.792888352824626,False,False,False,,True,1
962,fragile,0.305649865670373,0.1703032839587574,0.17252506560332853,1.3342909250117072,65.31879313785737,True,False,False,,False,1
963,normal,0.3858191671042322,0.21137638231889228,0.21882771649450883,8.992686159438355,29.51422457057242,False,False,False,,True,3
964,normal,0.39142486554784356,0.3416150211659005,0.12399542195556518,8.636187830899022,21.691652788491982,False,False,False,,True,3
965,normal,0.4291573298720208,0.3295811676473451,0.26064001316899876,2.2553018555940345,19.976057802206476,False,False,False,,True,1
966,normal,0.2760007216659977,0.2933911154575316,0.28723641198234884,6.568414824513463,93.04258517602281,False,False,False,,True,2
967,cold_storage,0.4308077389604972,0.3384442983618252,0.2335158404259093,7.8161362936522005,66.32058716680024,False,True,False,67.0,True,2
968,normal,0.433131785085173,0.27655980048863654,0.16653094738119628,1.0705571543668708,96.00451292955933,False,False,False,,True,2
969,fragile,0.15337884599098897,0.11387969626742867,0.19794219801469617,1.0832786604052724,226.68550037070344,True,False,False,,False,1
970,normal,0.3936449531288235,0.2216860937235841,0.20812643135891457,4.596908975948927,65.25696618780817,False,False,False,,True,1
971,cold_storage,0.47378276685233794,0.3430800635501686,0.12065742319056526,1.1927352821001191,122.84202077208553,False,True,False,158.0,True,2
972,hazardous,0.20562943793053715,0.29954027555712204,0.2305730665331114,0.508242598641592,40.215620841410555,False,False,True,,True,2
973,cold_storage,0.2799309443345833,0.34001103986774517,0.28092350869078986,5.959082391375196,112.76894053346676,False,True,False,281.0,True,2
974,normal,0.33081730023901035,0.3688098307367674,0.25618740739267415,7.961126198365889,58.61158453171116,False,False,False,,True,1
975,normal,0.31532716219310913,0.3378522616892705,0.2559659771353995,1.6514346777559579,58.1773668837085,False,False,False,,True,2
976,normal,0.3000319138508344,0.26056561529727995,0.1110389346365221,9.97165006480237,68.23669685542603,False,False,False,,True,2
977,fragile,0.26038788896801046,0.29218510440001305,0.1080456784674388,2.3522328334020086,394.9286403542861,True,False,False,,False,1
978,normal,0.39433777154189453,0.23532366090189738,0.10786623651908778,4.1495549140645105,27.19028448237725,False,False,False,,True,3
979,normal,0.3170314175556467,0.22135360334905543,0.23776851647982167,5.121783649967562,89.66927391999374,False,False,False,,True,2
980,fragile,0.3205972549083781,0.12798859035327775,0.1193092718909417,3.6267212702503757,316.8254428157084,True,False,False,,False,1
981,normal,0.3467697651433219,0.212598526168971,0.20811040944368783,3.4234433565065214,58.054604208810964,False,False,False,,True,2
982,cold_storage,0.4899722419586039,0.20328365718877717,0.16785702117689616,3.708326741933048,149.78215804477495,False,True,False,237.0,True,1
983,normal,0.26350345270433356,0.33076998690860926,0.20462392785902372,9.430853001339282,88.31800266119082,False,False,False,,True,3
984,normal,0.24468608887728638,0.3158691424622918,0.28496316235070446,0.8503378405188567,22.74314250052365,False,False,False,,True,3
985,cold_storage,0.2057189020616255,0.38143577563467485,0.22367441661030305,2.8054842402213787,136.78155544025296,False,True,False,37.0,True,1
986,normal,0.38979843642553236,0.3809324701239725,0.2641478446032064,1.4242762836348528,65.01033004643055,False,False,False,,True,3
987,cold_storage,0.21918728459879794,0.3634940789734292,0.12283593639305755,6.152285367937122,130.81313490646372,False,True,False,62.0,True,1
988,normal,0.3278634391814689,0.36230420594795937,0.29643855055857954,6.944779454313828,39.181144691051685,False,False,False,,True,3
989,normal,0.3727901031357455,0.22746588039635104,0.26728541845782455,8.034465864492226,78.7805094130545,False,False,False,,True,3
990,cold_storage,0.25203429461010635,0.21264437753073198,0.15477867147510765,7.696725818842396,50.24915356437296,False,True,False,219.0,True,3
991,cold_storage,0.24950183802543852,0.24872892189871598,0.21639716035231782,1.7670233320422057,162.38941321168846,False,True,False,353.0,True,3
992,cold_storage,0.31283931682481236,0.231550732278273,0.27592538816775003,1.2668647733354643,21.300319077777203,False,True,False,75.0,True,3
993,normal,0.3955267375567493,0.37738302839358384,0.18324444844350743,8.170412130849709,79.53064376742483,False,False,False,,True,3
994,fragile,0.13806772576159287,0.1286175722477223,0.12709497475854076,2.3070537419539208,157.6641915152991,True,False,False,,False,1
995,normal,0.2523646807906135,0.3383347139323074,0.21925439414382047,7.31338817811707,65.08448359017689,False,False,False,,True,1
996,normal,0.38815749621350376,0.35651660606443847,0.16957071336922924,0.54341539217717,31.207510659629534,False,False,False,,True,1
997,hazardous,0.49598105742826837,0.39535829588127713,0.22378418797537877,8.695945070912824,296.43117312882214,False,False,True,,True,3
998,normal,0.2657828400974333,0.3540662566221718,0.2318654316784571,3.126052547277179,27.434709371187687,False,False,False,,True,1
999,high_value,0.40557312632452325,0.39371476756257473,0.1948825679682416,2.175076265020043,3515.641858071302,True,False,False,,False,1
1000,normal,0.21293468040383073,0.3289721673193471,0.1570129040026512,4.629380601556054,40.086516630006884,False,False,False,,True,2
